id_post,content,post_date,sentiment,share,source_division,title,total_comment,url,username,id_status
1,"VNPT - IT tuy·ªÉn d·ª•ng Fresher fulltime/parttime Khu v·ª±c: H√† N·ªôi, HCM, ƒê√† N·∫µng, H·∫£i Ph√≤ng, Ti·ªÅn Giang C√°c v·ªã tr√≠ tuy·ªÉn d·ª•ng: L·∫≠p tr√¨nh (PHP, Java, .Net, Python, Nodejs, Frontend, iOS, Android, Flutter) Manual Tester AICV / AI NLP (H√† N·ªôi) Data Engineer (H√† N·ªôi) An to√†n th√¥ng tin (H√† N·ªôi) G·ª≠i CV + b·∫£ng ƒëi·ªÉm ƒë·ªÉ ·ª©ng tuy·ªÉn Ch∆∞∆°ng tr√¨nh √°p d·ª•ng cho c√°c b·∫°n sinh vi√™n nƒÉm cu·ªëi ho·∫∑c m·ªõi t·ªët nghi·ªáp kh√¥ng qu√° 1 nƒÉm kh·ªëi ng√†nh CNTT, ATTT, K·ªπ thu·∫≠t ph·∫ßn m·ªÅm Nh·∫≠n l∆∞∆°ng l√™n ƒë·∫øn 10tr/th√°ng t√πy v·ªã tr√≠ c√¥ng vi·ªác ngay t·ª´ th·ªùi gian ƒë√†o t·∫°o Tham gia mi·ªÖn ph√≠ c√°c kh√≥a ƒë√†o t·∫°o chuy√™n m√¥n & k·ªπ nƒÉng m·ªÅm Tham gia h·ªó tr·ª£ ph√°t tri·ªÉn c√°c s·∫£n ph·∫©m v·ªõi h√†ng ch·ª•c tri·ªáu ng∆∞·ªùi d√πng. ƒê∆∞·ª£c t∆∞ v·∫•n & ƒë·ªãnh h∆∞·ªõng ngh·ªÅ nghi·ªáp t·ª´ c√°c Mentors - nh·ªØng chuy√™n gia h√†ng ƒë·∫ßu trong lƒ©nh v·ª±c CNTT. C∆° h·ªôi ƒë∆∞·ª£c tuy·ªÉn d·ª•ng ch√≠nh th·ª©c t·∫°i VNPT sau th·ªùi gian ƒë√†o t·∫°o v·ªõi m·ª©c thu nh·∫≠p nƒÉm h·∫•p d·∫´n k√®m c√°c ch·∫ø ƒë·ªô ph√∫c l·ª£i t·ª´ T·∫≠p ƒëo√†n VNPT ------------------------------------------------- GuÃõÃâi h·ªì s∆° uÃõÃÅng tuyeÃÇÃân ƒëeÃÇÃÅn email: bannhansu.vnptit@vnpt.vn TieÃÇu ƒëeÃÇÃÄ email ghi roÃÉ: HoÃ£ vaÃÄ teÃÇn_ViÃ£ triÃÅ duÃõÃ£ tuyeÃÇÃân_ƒê·ªãa b√†n ·ª©ng tuy·ªÉn",26-9-2022 21:38,,14,1,VNPT - IT tuy·ªÉn d·ª•ng Fresher fulltime/parttime,163,https://www.facebook.com/groups/174764463261090/posts/1308631666541025/?__cft__[0]=AZVLi1f6e-luNHBJhySx0crOPoAHR_CQQi-tEzWxKHyuaKy9dUcO5IeLkHMKgkvAhBI8uDZw5XvWfop9S3vmNxVe5Lh9zFTcGeS4ytKSXkzkB8h2A7J4SwhXO5Ejtpw5GF25SCydL0fkbaqMQyJK5jFU&__tn__=%2CO%2CP-R,T·ªù Jan,1
2,"[HN] FPT Software t√¨m ki·∫øm FRESHER JAVA (Part-time) ƒê√†o t·∫°o kh√¥ng y√™u c·∫ßu kinh nghi·ªám, ƒë∆∞·ª£c nh·∫≠n h·ªó tr·ª£ 3-5M/ th√°ng Sau ƒë√†o t·∫°o offer m·ª©c l∆∞∆°ng 10-15M/ th√°ng H·ªó tr·ª£ d·∫•u th·ª±c t·∫≠p B·∫°n c·∫ßn g√¨ ƒë·ªÉ ·ª©ng tuy·ªÉn Fresher Java? - N·∫Øm v·ªØng ki·∫øn th·ª©c v·ªÅ L·∫≠p tr√¨nh h∆∞·ªõng ƒë·ªëi t∆∞·ª£ng, Java - Kh·∫£ nƒÉng ti·∫øng anh kh√° CV ·ª©ng tuy·ªÉn g·ª≠i v·ªÅ ƒë·ªãa ch·ªâ: TrangKM@fsoft.com.vn",,,2,1,[HN] FPT Software t√¨m ki·∫øm FRESHER JAVA (Part-time),33,https://www.facebook.com/groups/174764463261090/posts/1307237956680396/?__cft__[0]=AZWk9n-p3tCu31xLJVYFRsAF7ybz-6KnWBRraqSAKEgUOT6cqdM3JnCJaIWAO_oTiSZLAqF5708Z97g3vXYyO3m-QaNMJuNaufdBrsDu_uEhNFClxf9o8oDDpbrVzK15MZq2CJ47l6wX_yOldd95uB6l&__tn__=%2CO%2CP-R,Kim Minh Trang,158
3,"Xin ph√©p admin!! [FPT SoftWare HN - ƒêN] T√¨m ki·∫øm fresher Th√°ng 11 #Fresher ƒê√†o t·∫°o t·ª´ ƒë·∫ßu h·ªó tr·ª£ 5-9m/th√°ng Vi tr√≠: Fresher C#/.Net Fresher Java Fresher Embedded Fresher React Native Fresher Cloud Engineer Fresher Mobile (Android/IOS) Fresher Automation test Fresher Data Engineer - Kh√¥ng y√™u c·∫ßu ·ª©ng vi√™n c√≥ kinh nghi·ªám l√†m vi·ªác ngo√†i, ch·ªâ c·∫ßn c√≥ kinh nghi·ªám tham gia d·ª± √°n trong l√∫c ƒëi h·ªçc. - ƒê√†o t·∫°o l·∫°i t·ª´ ƒë·∫ßu. - PV 1 v√≤ng duy nh·∫•t. - Tham gia fultime t2 - t6. Sau 3 th√°ng ƒë√†o t·∫°o offer 10-15m! #Senior #Junior full c√°c job v·ªõi offer upto 1k -1k5 Apply g·ª≠i CV v·ªÅ nguyenthanhtra07092004@gmail.com Ti√™u ƒë·ªÅ [H·ªç T√™n]-[V·ªã tr√≠ apply]",4-10-2022 16:16,,4,1,Xin ph√©p admin!!,58,https://www.facebook.com/groups/174764463261090/posts/1314787669258758/?__cft__[0]=AZVL9SuP6kpYYtQb53rEyMt1cZeWKi8xq04pIW8mh46UtfDAl2XI2tGB3tBykoKtn2LX3m5s3w1sYaT7QxL92Ld2FBr764Rb9_tVKmgvwRvSCTe7lMTu-jpLnyGpnRXudmkXFfC3bEQiZ75cp-LhBcq4&__tn__=%2CO%2CP-R,Nguy·ªÖn Thanh Tr√†,186
4,"[HN] Tuy·ªÉn d·ª•ng Fresher Cloud Engineer  L∆∞∆°ng 15-25M Ch·∫•p nh·∫≠n SV nƒÉm cu·ªëi, l·ªô tr√¨nh ƒë√†o t·∫°o r√µ r√†ng",12-10-2022 09:14,,0,1,[HN] Tuy·ªÉn d·ª•ng Fresher Cloud Engineer,24,https://www.facebook.com/groups/174764463261090/posts/1321473561923502/?__cft__[0]=AZUfODn7yY0D1ZuSZ95-uEMnel1pq_4DxjxChCoN16aoBuLB5fzO8astGyQyoavcO_YMR3O3e-Hih_c1IHjiQ10UwuRa7df_QwYX_TceYskagyx4i0ajyqm78_VYFG6nZoDgkSUO_PGiadhNzWyYBOWT&__tn__=%2CO%2CP-R,Nguy·ªÖn HR,240
5,"[ùêÖùêèùêì SOFTWARE] TUY·ªÇN D·ª§NG FRESHER L·∫¨P TR√åNH VI√äN Kh√¥ng y√™u c·∫ßu kinh nghi·ªám ‚Äì ƒê∆∞·ª£c ƒë√†o t·∫°o L√†m vi·ªác cho doanh nghi·ªáp Vi·ªát Nam & N∆∞·ªõc Ngo√†i ƒê·ªêI T∆Ø·ª¢NG TUY·ªÇN D·ª§NG: - Sinh vi√™n t·ª´ nƒÉm 3 thu·ªôc chuy√™n ng√†nh CNTT - C√°c b·∫°n thu·ªôc chuy√™n ng√†nh kh√°c mu·ªën th·ª≠ s·ª©c trong lƒ©nh v·ª±c IT - Ng∆∞·ªùi mu·ªën chuy·ªÉn sang ngh·ªÅ l·∫≠p tr√¨nh. ‚Ä¢ Ch·∫•p nh·∫≠n Non IT. QUY·ªÄN L·ª¢I ‚Ä¢ Cam k·∫øt ƒë∆∞·ª£c k√≠ h·ª£p ƒë·ªìng v·ªõi doanh nghi·ªáp √≠t nh·∫•t 1 nƒÉm khi ƒë√£ ho√†n th√†nh kho√° ƒë√†o t·∫°o ‚Ä¢ M·ª©c l∆∞∆°ng kh·ªüi ƒëi·ªÉm t·ª´ t·ªëi thi·ªÉu t·ª´ 8 -12 tri·ªáu, c√≥ th·ªÉ h∆°n t√πy theo nƒÉng l·ª±c c·ªßa t·ª´ng c√° nh√¢n, l∆∞∆°ng th∆∞·ªüng ƒë·∫ßy ƒë·ªß. ‚Ä¢ ·ª®ng vi√™n ƒë∆∞·ª£c t·ª± l·ª±a ch·ªçn n∆°i l√†m vi·ªác theo mong mu·ªën, doanh nghi·ªáp c√≥ c√°c chi nh√°nh ·ªü H√† N·ªôi,ƒê√† N·∫µng, TP HCM...), v√† c·∫£ ·ªü n∆∞·ªõc ngo√†i: Nh·∫≠t B·∫£n, √öc,.. ngay sau khi h·ªçc ƒë√†o t·∫°o xong. Y√äU C·∫¶U - Tr·∫£i qua 1 kh√≥a ƒë√†o t·∫°o ng·∫Øn v·ªÅ l·∫≠p tr√¨nh ƒë·ªÉ n√¢ng cao ki·∫øn th·ª©c chuy√™n m√¥n tr∆∞·ªõc khi ƒëi v√†o l√†m vi·ªác ch√≠nh th·ª©c( c√≥ tr·ª£ c·∫•p tu·ª≥ v√†o nƒÉng l·ª±c khi ph·ªèng v·∫•n nh√© t·ª´ 5-7M) - Nghi√™m t√∫c, c√≥ ch√≠ mu·ªën theo ngh·ªÅ B·∫°n n√†o quan t√¢m, mu·ªën ƒëƒÉng k√≠ nh·∫≠n h·ªó tr·ª£ ƒë√†o t·∫°o vui l√≤ng inbox cho m√¨nh nh√©. Apply to: uonghangkin@gmail.com",23-7-2022 22:58,,14,1,[ùêÖùêèùêì SOFTWARE] TUY·ªÇN D·ª§NG FRESHER L·∫¨P TR√åNH VI√äN,211,https://www.facebook.com/groups/174764463261090/posts/1264211630983029/?__cft__[0]=AZV8WXegJZad5UvTUHs9gDoxDSVfcsmF7hoTjPd9EjDuqzK-JI4BINgf7ol318BaxlAytG6IWrhB5d9kP0YEEiZXf2IdN67pUsssunyn2xh9BvCUO14-woaWQtslwBOZquiiX4ruQNiJo46OieEWkvcF&__tn__=%2CO%2CP-R,H·∫±ng Kin,249
6,|HN| t√¨m UV cho job FRESHER !!! 1. FRESHER ANDROID DEVELOPER - 6 th√°ng kn l√†m vi·ªác v·ªõi Java Android. - Bi·∫øt Kotlin v√† l√†m vi·ªác v·ªõi nh·ªØng c√¥ng ngh·ªá m·ªõi RxJava ... - Ti·∫øng anh ƒë·ªçc hi·ªÉu. 2. Fresher Unity Developer - C√≥ t·ª´ 6 th√°ng kn th·ª±c t·∫ø l·∫≠p tr√¨nh ng√¥n ng·ªØ Unity - C√≥ s·∫£n ph·∫©m game demo,1-10-2022 16:01,,0,1,|HN| t√¨m UV cho job FRESHER !!!,8,https://www.facebook.com/groups/174764463261090/posts/1312299029507622/?__cft__[0]=AZWGfWeuFHtqAHMgJW-IGPfdP5cdNQj2W6v-tZIsfNJuDZPmPYdEQk9SkMMUKC-tzp_vnXLogfqqwO8qujPDYUNxcdayFUi55ttR_MvV3Gr_RL1atzZEEZTKvN2JlVsSUYZxLP8yufEeMFYx1PKyKpMy&__tn__=%2CO%2CP-R,Ph∆∞∆°ng Edward,351
7,"[HCM] Tuy·ªÉn d·ª•ng Intern/ Fresher ƒë·ª£t th√°ng 9  C√¥ng ty 1C Innovation ho·∫°t ƒë·ªông v·ªÅ m·∫£ng ERP m·ªü tuy·ªÉn ƒë·ª£t m·ªõi v·ªã tr√≠ Developer cho intern/fresher. ƒêC: To√† Mesa, 202 L√Ω Ch√≠nh Th·∫Øng, Q.3, TP HCM. M√¥i tr∆∞·ªùng tr·∫ª trung, ƒë√£i ng·ªô si√™u t·ªët   Y√™u c·∫ßu: Part time: open cho sinh vi√™n nƒÉm 3 v√† 4 v·ªõi intern, full time cho fresher Bi·∫øt √≠t nh·∫•t 1 ng√¥n ng·ªØ code (∆∞u ti√™n Flutter) C√≥ ti·∫øng Anh l√† 1 l·ª£i th·∫ø   Ch·∫ø ƒë·ªô:  Intern c√≥ ph·ª• c·∫•p v√† flexible v·ªÅ th·ªùi gian, ƒëc nh·∫≠n ngay sau khi training. M·ª©c l∆∞∆°ng h·∫•p d·∫´n, ƒë√≥ng b·∫£o hi·ªÉm t·ª´ khi k√Ω h·ª£p ƒë·ªìng, nh·∫≠n l∆∞∆°ng net. ƒê·ªìng nghi·ªáp th√¢n thi·ªán, m√¥i tr∆∞·ªùng nhi·ªÅu c∆° h·ªôi ph√°t tri·ªÉn b·∫£n th√¢n. L√†m vi·ªác t·ª´ 9am-6pm, Mon-Fri   Apply: g·ª≠i CV v·ªÅ email ly.duong@1ci.vn ",4-9-2022 15:10,,8,1,[HCM] Tuy·ªÉn d·ª•ng Intern/ Fresher ƒë·ª£t th√°ng 9,101,https://www.facebook.com/groups/174764463261090/posts/1292529454817913/?__cft__[0]=AZVpDSgdL3yGmoQx7KgyWLK4pIq08N2IuN8_BIBzkDGndrmOd5REPfdHwtgeYqtlaT3ygxN10oyEex7jgm-olNTFFvHet7DntdstRu777ZnOmOFoCnsaTcwAB7kjP1qs0fYqEhchXxJyiWIZxqrRAEyG&__tn__=%2CO%2CP-R,Ly Duong,352
8,"Evotek tuy·ªÉn d·ª•ng Fresher NodeJS/Java/FrontEnd Y√™u c·∫ßu: ¬∑ Sinh vi√™n nƒÉm cu·ªëi, C√≥ th·ªÉ ƒëi l√†m fulltime ¬∑ ƒê√£ c√≥ kinh nghi·ªám th·ª±c t·∫ø ¬∑ Nhanh nh·∫πn, h√≤a ƒë·ªìng, nƒÉng n·ªï Benefits: ¬∑ H·ªó tr·ª£ 3-10M cho TTS, Fresher up to 15M t√πy thu·ªôc v√†o k·ªπ nƒÉng v√† m·ª©c ƒë·ªô ƒë√≥ng g√≥p cho C√¥ng ty . ¬∑ C√≥ c∆° h·ªôi ƒë∆∞·ª£c ƒëi·ªÅu ch·ªânh m·ª©c ph·ª• c·∫•p v√† k√Ω Hƒê v·ªõi C√¥ng ty khi c√≥ ƒë√°nh gi√° v√† ƒë·ªÅ xu·∫•t c·ªßa qu·∫£n l√Ω tr·ª±c ti·∫øp. ¬∑ ƒê∆∞·ª£c h∆∞·ªõng d·∫´n v√† ƒë√†o t·∫°o b·ªüi c√°c tr∆∞·ªüng nh√≥m c√≥ kinh nghi·ªám. ¬∑ Tham gia v√†o c√°c d·ª± √°n th·ª±c t·∫ø t·∫°i C√¥ng ty. ƒê·ªãa ch·ªâ: D·ªãch V·ªçng H·∫≠u, C·∫ßu Gi·∫•y, H√† N·ªôi. Th·ªùi gian l√†m vi·ªác: Th·ª© 2 - th·ª© 6, 8h30-17h30 Contact ƒë·ªÉ nh·∫≠n Jd chi ti·∫øt c√¥ng vi·ªác. CV g·ª≠i v·ªÅ: hang.nguyenthanh@evotek.vn",23-9-2022 20:43,,1,1,Evotek tuy·ªÉn d·ª•ng Fresher NodeJS/Java/FrontEnd,34,https://www.facebook.com/groups/174764463261090/posts/1306163806787811/?__cft__[0]=AZXaxzchxfdjzV2XTq5YnhjF3kg4JW19Ky5MWXM5qOQsXDqwqzYBZfRbifJTKOl574aK8cLdANqtyw0cHuT_PDMMJBHKsgL0D1-Vv3jVMHTusCkyLoa9Pckw1UTfnvLUMNwCgHeblldhQ6iIwwar5bH3&__tn__=%2CO%2CP-R,Thanh H·∫±ng,449
9,"Evotek tuy·ªÉn d·ª•ng Fresher NodeJS/Java/FrontEnd Y√™u c·∫ßu: ¬∑ Sinh vi√™n nƒÉm cu·ªëi, C√≥ th·ªÉ ƒëi l√†m fulltime ¬∑ ƒê√£ c√≥ kinh nghi·ªám th·ª±c t·∫ø  ¬∑ Nhanh nh·∫πn, h√≤a ƒë·ªìng, nƒÉng n·ªï Benefits: ¬∑ H·ªó tr·ª£ 3-10M cho TTS, Fresher up to 15M t√πy thu·ªôc v√†o k·ªπ nƒÉng v√† m·ª©c ƒë·ªô ƒë√≥ng g√≥p cho C√¥ng ty . ¬∑ C√≥ c∆° h·ªôi ƒë∆∞·ª£c ƒëi·ªÅu ch·ªânh m·ª©c ph·ª• c·∫•p v√† k√Ω Hƒê v·ªõi C√¥ng ty khi c√≥ ƒë√°nh gi√° v√† ƒë·ªÅ xu·∫•t c·ªßa qu·∫£n l√Ω tr·ª±c ti·∫øp. ¬∑ ƒê∆∞·ª£c h∆∞·ªõng d·∫´n v√† ƒë√†o t·∫°o b·ªüi c√°c tr∆∞·ªüng nh√≥m c√≥ kinh nghi·ªám. ¬∑ Tham gia v√†o c√°c d·ª± √°n th·ª±c t·∫ø t·∫°i C√¥ng ty. ƒê·ªãa ch·ªâ: D·ªãch V·ªçng H·∫≠u, C·∫ßu Gi·∫•y, H√† N·ªôi. Th·ªùi gian l√†m vi·ªác: Th·ª© 2 - th·ª© 6, 8h30-17h30 Contact ƒë·ªÉ nh·∫≠n Jd chi ti·∫øt c√¥ng vi·ªác. CV g·ª≠i v·ªÅ: hang.nguyenthanh@evotek.vn",21-9-2022 16:30,,1,1,Evotek tuy·ªÉn d·ª•ng Fresher NodeJS/Java/FrontEnd,73,https://www.facebook.com/groups/174764463261090/posts/1304719310265594/?__cft__[0]=AZU-Yh3XYHmco3eBhfoxE08YUGD-I0kA5RbTScSaqkqzoPBIYfQYJflNA5aKM9DeOaHG5XyDhZVbPelNbeVgKP__mymN07n-yMeO5VXPtcln2wZVbtLp5vEjhtpOvotSKZgsNoorxD6oFvw3kA-Wl5FH&__tn__=%2CO%2CP-R,Thanh H·∫±ng,477
10,"itCommerce c·∫ßn tuy·ªÉn Fresher Python Developer fulltime - KH√îNG YC KINH NGHI·ªÜM - ƒê√ÄO T·∫†O T·ª™ ƒê·∫¶U ƒê∆∞·ª£c ƒë√†o t·∫°o b√†i b·∫£n t·ª´ A-Z C√≥ h·ªó tr·ª£ 8.000.000-12.000.000ƒë/ th√°ng Ch·∫•p nh·∫≠n sinh vi√™n m·ªõi ra tr∆∞·ªùng, ch·ªù b·∫±ng, tr√°i ng√†nh Y√™u c·∫ßu: ti·∫øng Anh c∆° b·∫£n, ƒë√£ t·ª´ng t√¨m hi·ªÉu v·ªÅ Python, c√≥ ƒë·ªãnh h∆∞·ªõng l·∫≠p tr√¨nh Web, app ƒê·ªãa ch·ªâ l√†m vi·ªác: T√≤a Lilama 10 - T·ªë H·ªØu - NTL - HN G·ª≠i CV: hr@litcommerce.com",6-10-2022 11:07,,1,1,itCommerce c·∫ßn tuy·ªÉn Fresher Python Developer fulltime - KH√îNG YC KINH NGHI·ªÜM - ƒê√ÄO T·∫†O T·ª™ ƒê·∫¶U,10,https://www.facebook.com/groups/174764463261090/posts/1316316695772522/?__cft__[0]=AZXwoH52WWUzMuz5AgC-gxxZ3YNCQGuqIXRWYx7jBKXbwj5WE_3IJ6sKh8sN9ltg2acmcqwunIfk48yQbfEVKoEcNJ0v4FBFUT35rUyRVyn8NR7rI-vvR6NvpwaDJTM8AknN3OS1qbZVSgg4-Ewze_FX&__tn__=%2CO%2CP-R,Di·ªáp Nguy·ªÖn,544
11,"[HN] Tuy·ªÉn 30 fresher web, ƒë√†o t·∫°o fullstack, kh√¥ng y/c kinh nghi·ªám, c·∫•p d·∫•u th·ª±c t·∫≠p, h·ªó tr·ª£ ƒë·ªì √°n TN, l√™n nh√¢n vi√™n sau 2 th√°ng",5-10-2022 22:11,,2,1,"[HN] Tuy·ªÉn 30 fresher web, ƒë√†o t·∫°o fullstack, kh√¥ng y/c kinh nghi·ªám, c·∫•p d·∫•u th·ª±c t·∫≠p, h·ªó tr·ª£ ƒë·ªì √°n TN, l√™n nh√¢n vi√™n sau 2 th√°ng",56,https://www.facebook.com/groups/174764463261090/posts/1315542589183266/?__cft__[0]=AZX20ZG-mf-vfsgqBC8DcYH9cX9rRfvx1e8gvazWwWB9dN7z_GG7klwonKOqeNWHCMZhsSSw5ax4q536rcNddGQKL3un99BiDLXlHXqbGKKjYZVwRaFC9i0zn7EPr5lVrV_OM2Kftl7LFmPXpMVKEVKs&__tn__=%2CO%2CP-R,Phuong Anh,554
12," [ùêªùëéÃÄ ùëÅùëúÃ£ÃÇùëñ] ùê∂ùëúÃÇùëõùëî ùë°ùë¶ ùëêùëúÃÇÃâ ùëù‚ÑéùëéÃÇÃÄùëõ ùëâùê∂ùê∂ùëúùëüùëù ùêìùêîùêòùêÑÃÇÃâùêç ùêÉùêîÃ£ùêçùêÜ - Java Backend (Fresher => Dev) - IOS (Intern => Dev) - PHP (Fresher => Dev) - ReactJS (Fresher => Dev) - C#, .Net (Fresher => Dev) - VueJS (Fresher => Dev) L∆∞∆°ng, th∆∞·ªüng, ch·∫ø ƒë·ªô ƒë√£i ng·ªô h·∫•p d·∫´n M√¥i tr∆∞·ªùng l√†m vi·ªác tr·∫ª trung, nƒÉng ƒë·ªông, s·∫øp t√¢m l√Ω, tho·∫£i m√°i VƒÉn ph√≤ng trang b·ªã ƒë·∫ßy ƒë·ªß thi·∫øt b·ªã hi·ªán ƒë·∫°i ----- Th√¥ng tin li√™n h·ªá: CV g·ª≠i v·ªÅ ƒë·ªãa ch·ªâ mail: tonhi1912001@gmail.com Zalo/Telegram: 0392077320 Ib ngay ƒë·ªÉ nh·∫≠n JD, trao ƒë·ªïi chi ti·∫øt ·∫°!",29-7-2022 16:51,,3,1, [ùêªùëéÃÄ ùëÅùëúÃ£ÃÇùëñ] ùê∂ùëúÃÇùëõùëî ùë°ùë¶ ùëêùëúÃÇÃâ ùëù‚ÑéùëéÃÇÃÄùëõ ùëâùê∂ùê∂ùëúùëüùëù,32,https://www.facebook.com/groups/174764463261090/posts/1267931197277739/?__cft__[0]=AZVVzFR5fqssmyqA179paM1oZyG5fXJT-035HljY0IyMXj7vr3hC7VHNsUPyJUqDSNM5GlbBTm9kQWhtLQ572wmvHeXvZVnUKhHmluDifsVSBTuY5SbsaRSMAYRkV3SUwkew7_ukB30H2SQjf3B9GTXi&__tn__=%2CO%2CP-R,H·ªìng D∆∞∆°ng,587
13,"[HCM] Intern/Fresher Wanted  C√¥ng ty 1C Innovation ho·∫°t ƒë·ªông v·ªÅ m·∫£ng ERP m·ªü tuy·ªÉn ƒë·ª£t m·ªõi v·ªã tr√≠ Developer cho intern/fresher. ƒêC: To√† Mesa, 202 L√Ω Ch√≠nh Th·∫Øng, Q.3, TP HCM. M√¥i tr∆∞·ªùng tr·∫ª trung, ƒë√£i ng·ªô si√™u t·ªët   Y√™u c·∫ßu: Part time: open cho sinh vi√™n nƒÉm 3 v√† 4 v·ªõi intern, full time cho fresher Bi·∫øt √≠t nh·∫•t 1 ng√¥n ng·ªØ code, logic t·ªët C√≥ ti·∫øng Anh l√† 1 l·ª£i th·∫ø  Ch·∫ø ƒë·ªô: intern c√≥ ph·ª• c·∫•p v√† flexible v·ªÅ th·ªùi gian, ƒëc nh·∫≠n ngay sau khi training. M·ª©c l∆∞∆°ng h·∫•p d·∫´n, ƒë√≥ng b·∫£o hi·ªÉm t·ª´ khi k√Ω h·ª£p ƒë·ªìng, nh·∫≠n l∆∞∆°ng net. ƒê·ªìng nghi·ªáp th√¢n thi·ªán, m√¥i tr∆∞·ªùng nhi·ªÅu c∆° h·ªôi ph√°t tri·ªÉn b·∫£n th√¢n. L√†m vi·ªác t·ª´ 9am-6pm, Mon-Fri  Apply: g·ª≠i CV v·ªÅ email ly.duong@1ci.vn ",17-7-2022 08:50,,3,1,[HCM] Intern/Fresher Wanted,105,https://www.facebook.com/groups/174764463261090/posts/1259545918116267/?__cft__[0]=AZW9SViapRcFiB00xcbxB33U0JmnuerN83_Zff68KGN2PwfTQlqAs0WVVL90VSJU5aH8DyBY-En5F5icvz5kH9G7L_dM9LMIP98iY7_YEwmJkcm2kfnWylOimMqyXZyS_nsJjGr_N3DtVNEAQIEDZLHy&__tn__=%2CO%2CP-R,Ly Duong,617
14,"VNPT - IT tuy·ªÉn d·ª•ng Fresher fulltime/parttime Khu v·ª±c: H√† N·ªôi, HCM, ƒê√† N·∫µng, H·∫£i Ph√≤ng, Ti·ªÅn Giang C√°c v·ªã tr√≠ tuy·ªÉn d·ª•ng: L·∫≠p tr√¨nh (PHP, Java, .Net, Python, Nodejs, Frontend, iOS, Android, Flutter) Manual Tester AICV / AI NLP (H√† N·ªôi) Data Engineer (H√† N·ªôi) An to√†n th√¥ng tin (H√† N·ªôi) G·ª≠i CV + b·∫£ng ƒëi·ªÉm ƒë·ªÉ ·ª©ng tuy·ªÉn Ch∆∞∆°ng tr√¨nh √°p d·ª•ng cho c√°c b·∫°n sinh vi√™n nƒÉm cu·ªëi ho·∫∑c m·ªõi t·ªët nghi·ªáp kh√¥ng qu√° 1 nƒÉm kh·ªëi ng√†nh CNTT, ATTT Nh·∫≠n l∆∞∆°ng l√™n ƒë·∫øn 10tr/th√°ng t√πy v·ªã tr√≠ c√¥ng vi·ªác ngay t·ª´ th·ªùi gian ƒë√†o t·∫°o Tham gia mi·ªÖn ph√≠ c√°c kh√≥a ƒë√†o t·∫°o chuy√™n m√¥n & k·ªπ nƒÉng m·ªÅm Tham gia h·ªó tr·ª£ ph√°t tri·ªÉn c√°c s·∫£n ph·∫©m v·ªõi h√†ng ch·ª•c tri·ªáu ng∆∞·ªùi d√πng. ƒê∆∞·ª£c t∆∞ v·∫•n & ƒë·ªãnh h∆∞·ªõng ngh·ªÅ nghi·ªáp t·ª´ c√°c Mentors - nh·ªØng chuy√™n gia h√†ng ƒë·∫ßu trong lƒ©nh v·ª±c CNTT. C∆° h·ªôi ƒë∆∞·ª£c tuy·ªÉn d·ª•ng ch√≠nh th·ª©c t·∫°i VNPT sau th·ªùi gian ƒë√†o t·∫°o v·ªõi m·ª©c thu nh·∫≠p nƒÉm h·∫•p d·∫´n k√®m c√°c ch·∫ø ƒë·ªô ph√∫c l·ª£i t·ª´ T·∫≠p ƒëo√†n VNPT ------------------------------------------------- GuÃõÃâi h·ªì s∆° uÃõÃÅng tuyeÃÇÃân ƒëeÃÇÃÅn email: bannhansu.vnptit@vnpt.vn TieÃÇu ƒëeÃÇÃÄ email ghi roÃÉ: HoÃ£ vaÃÄ teÃÇn_ViÃ£ triÃÅ duÃõÃ£ tuyeÃÇÃân_ƒê·ªãa b√†n ·ª©ng tuy·ªÉn",21-7-2022 17:32,,16,1,VNPT - IT tuy·ªÉn d·ª•ng Fresher fulltime/parttime,148,https://www.facebook.com/groups/174764463261090/posts/1262877564449769/?__cft__[0]=AZW7rLdS2lKaqmyCca-uBBEjLRQV1I7GCktAFceuebxodq_bvagO39oqAeM7bEIoaBC8FGGUZrA704Vg206TXIchQDAr7aF7uz1XSdTkzHQ9AnO-OxZAjYeTwmkJ1pj2GK5d4bzk2Y7GLXxMjE_5xhhH&__tn__=%2CO%2CP-R,T·ªù Jan,721
15,"TUY·ªÇN D·ª§NG FRESHER [ FPT SOFTWARE HN, HCM] C√°c list job ƒëa d·∫°ng d√†nh cho c√°c b·∫°n sinh vi√™n nƒÉm cu·ªëi ho·∫∑c m·ªõi t·ªët nghi·ªáp c√°c ng√†nh CNTT, ƒêi·ªán t·ª≠ vi·ªÖn th√¥ng, K·ªπ thu·∫≠t ph·∫ßn m·ªÅm,... Kh√¥ng y√™u c·∫ßu kinh nghi·ªám, ƒë∆∞·ª£c ƒë√†o t·∫°o b√†i b·∫£n H·ªó tr·ª£ l∆∞∆°ng 5-8M/ th√°ng ƒê√†o t·∫°o Online Apply to: TinhVD1@fsoft.com.vn v·ªõi ti√™u ƒë·ªÅ [V·ªã tr√≠ ·ª©ng tuy·ªÉn] _ [H·ªç v√† t√™n] #tuyendung #Fresher",10-2-2022 14:07,,4,1,"TUY·ªÇN D·ª§NG FRESHER [ FPT SOFTWARE HN, HCM]",114,https://www.facebook.com/groups/174764463261090/posts/1151348138936046/?__cft__[0]=AZVle5TR-yxdCSPuI2xmV_zQhAim2sNi2RE-mdb_gyZsD9AN9RKdciBBaoP4NMkFZAm-o2jZgtDjN_7FVmAXB8oG5xDBpn0Ph77iXPkspVgg4D9S1RT6JCB_IoSc5u14x9drGHOOC7qSbC-I7v7LG5kZ&__tn__=%2CO%2CP-R,V≈© ƒêƒÉng T√¨nh,862
16,"HN C·∫¶N TUY·ªÇN INTERN/ FRESHER C/C++ Software Engineer ( Fresher)- LG Offer $550- $2.000 ReactJS (Intern / fresher ) ‚Äì BraveBits ( 6-10M) Python Intern ‚Äì LitComemerce ( 6-8M) Th·ª±c t·∫≠p sinh Ruby ( NAL) H·ªó tr·ª£ h√†ng th√°ng , g·∫Øn b√≥ v·ªõi ngh·ªÅ . C∆° h·ªôi l√™n ch√≠nh th·ª©c . Quan t√¢m ib m g·ª≠i JD nh√©",,,2,1,HN C·∫¶N TUY·ªÇN INTERN/ FRESHER,105,https://www.facebook.com/groups/174764463261090/posts/1295880801149445/?__cft__[0]=AZXD19LRCPvTkaL3t451crShoF2qROh4YA50Nv6Ojy1EpRGo1MdK2S5adKZwRJ3DE5uWvBrOqUacj-1SGP-31PBuoRPE1xMV2d0X1l8fxMCzXP_9LQwLv5G59GzOJunhjRAiswJNP7RDuSotrDOZraUw&__tn__=%2CO%2CP-R,B√¨nh An,975
17,"HN C·∫¶N TUY·ªÇN INTERN/ FRESHER C/C++ Software Engineer ( Fresher)- LG Offer $550- $2.000 ReactJS (Intern / fresher ) ‚Äì BraveBits ( 6-10M) Python Intern ‚Äì LitComemerce ( 6-8M) Th·ª±c t·∫≠p sinh Ruby ( NAL) H·ªó tr·ª£ h√†ng th√°ng , g·∫Øn b√≥ v·ªõi ngh·ªÅ . C∆° h·ªôi l√™n ch√≠nh th·ª©c . Quan t√¢m ib m g·ª≠i JD nh√©",9-9-2022 08:59,,2,1,HN C·∫¶N TUY·ªÇN INTERN/ FRESHER,105,https://www.facebook.com/groups/174764463261090/posts/1295880801149445/?__cft__[0]=AZXD19LRCPvTkaL3t451crShoF2qROh4YA50Nv6Ojy1EpRGo1MdK2S5adKZwRJ3DE5uWvBrOqUacj-1SGP-31PBuoRPE1xMV2d0X1l8fxMCzXP_9LQwLv5G59GzOJunhjRAiswJNP7RDuSotrDOZraUw&__tn__=%2CO%2CP-R,B√¨nh An,1069
18,"[HN] POST N√ÄY TUY·ªÇN INTERN V√Ä FRESHER Python Intern/Fresher ReactJs Fresher/Intern Java Fresher .NET/ C# Fresher PHP Fresher C++ Fresher Mobile Developer Intern (Flutter/React Native) React Native Golang Fresher/Intern L∆∞∆°ng/tr·ª£ c·∫•p h·∫•p d·∫´n, c∆° h·ªôi l√™n ch√≠nh th·ª©c v√† l·ªô tr√¨nh thƒÉng ti·∫øn r√µ r√†ng. Quan t√¢m inbox m√¨nh g·ª≠i JD t·ª´ng v·ªã tr√≠ nh√©.",,,2,1,[HN] POST N√ÄY TUY·ªÇN INTERN V√Ä FRESHER,125,https://www.facebook.com/groups/174764463261090/posts/1283546052382920/?__cft__[0]=AZUSWYg5fymhBTBJIt4DpwhSEJC3FSB7x348ykFHAl7wn_dyzwPyWB0I-3uyhdTLDLdL6-CwVmSQ-4KKbb24E-1tgpnegPCpGGxtOlRAYvQmlp289zifHKlULWaAs8M8THQcOQQ5o4r88YS8R5rrYJiT&__tn__=%2CO%2CP-R,Anh Nguyen,1163
19,"C√¥ng ty c√¥ng ngh·ªá CHI√äU M·ªò FRESHER PHP, PYTHON, RUBY N·∫øu b·∫°n ƒëang l√† SINH VI√äN NƒÇM 4/ C√ÅC B·∫†N M·ªöI RA TR∆Ø·ªúNG KH√îNG Y√äU C·∫¶U KINH NGHI·ªÜM ƒëang c·∫ßn t√¨m m√¥i tr∆∞·ªùng g·∫Øn b√≥. H√£y v·ªÅ v·ªõi ƒë·ªôi c·ªßa Miagi Solution Quy·ªÅn l·ª£i ƒë∆∞·ª£c h∆∞·ªüng: ƒê∆∞·ª£c l√†m task d·ª± √°n th·ª±c t·∫ø L∆∞∆°ng kh·ªüi ƒëi·ªÉm h·∫•p d·∫´n 6-10M On job training, review l∆∞∆°ng ƒë·ªãnh k√¨ L∆∞∆°ng th√°ng th·ª© 13, th∆∞·ªüng l·ªÖ t·∫øt, th∆∞·ªüng d·ª± √°n Ph·ª• c·∫•p g·ª≠i xe, ƒÉn tr∆∞a, beauty care. Ch√¢n dung ·ª©ng vi√™n: C√≥ ki·∫øn th·ª©c n·ªÅn t·∫£ng v·∫µng b·∫•t k√¨ ng√¥n ng·ªØ n√†o Tinh th·∫ßn, th√°i ƒë·ªô nghi√™m t√∫c trong c√¥ng vi·ªác L√†m d·ª± √°n c√° nh√¢n, ƒë·ªôi nh√≥m v·ªÅ web G·ª≠i CV qua SƒêT:0348193076 Email: hr@miagi-so.com",,,1,1,"C√¥ng ty c√¥ng ngh·ªá CHI√äU M·ªò FRESHER PHP, PYTHON, RUBY",13,https://www.facebook.com/groups/174764463261090/posts/1321512991919559/?__cft__[0]=AZX2glMK_4qmTHRAAsL7WYx7cClF9sscvkDw7u8fX7YPpmQoY9BkGX0KxzOLY7RGUDMStyh0BYJBpCkgTEAjn3_o2Z3Q4wxnySlOGK-NL9O2xunkJ4lMJHZZ9R4PEJoKJu1pVO3UCNtWO9eb9I3h3M6L&__tn__=%2CO%2CP-R,Vu Hong Ngoc,1277
20,"POST N√ÄY TUY·ªÇN #FRESHER JAVA, PYTHON (DJANGO) V·ªÄ ""O√ÅNH"" LOL C√ôNG VIETIS ( ¬¥ ‚ñΩ ` ) Job d√†nh cho c√°c b·∫°n sinh vi√™n nƒÉm cu·ªëi/m·ªõi t·ªët nghi·ªáp L√†m vi·ªác full-time t·ª´ th·ª© 2 - th·ª© 6 ƒê∆∞·ª£c ƒë√†o t·∫°o b√†i b·∫£n b·ªüi mentor d√†y d·∫∑n kinh nghi·ªám Ch·ªâ c·∫ßn ƒë√£ th·ª±c t·∫≠p/l√†m ƒë·ªì √°n/d·ª± √°n c√° nh√¢n s·ª≠ d·ª•ng Java, Python (Django) --- CV ·ª©ng tuy·ªÉn c√°c b·∫°n g·ª≠i v·ªÅ mail linhnb@vietis.com.vn Inbox m√¨nh ƒë·ªÉ ƒë∆∞·ª£c tham kh·∫£o k·ªπ h∆°n v·ªÅ t·ª´ng v·ªã tr√≠ C·∫£m ∆°n ƒë√£ ƒë·ªçc tin ·∫° ( ¬¥ œâ ` )",12-9-2022 22:47,,1,1,"POST N√ÄY TUY·ªÇN #FRESHER JAVA, PYTHON (DJANGO) V·ªÄ ""O√ÅNH"" LOL C√ôNG VIETIS ( ¬¥ ‚ñΩ ` )",49,https://www.facebook.com/groups/174764463261090/posts/1298341967569995/?__cft__[0]=AZXt5B6VHH6DOfDPy_2POkEQtpyGCQGBJLP7rh4iD0khMVpogHY2kBJVdoGZkoyhUXu1wPnUJ-wgMAX0o7yAdzXMMV9JnIu0DWhNbYwYNTosMdgABXAYB_CFRqDmQ0ZLH1kjFAT0agbHxQb2M34ek56I&__tn__=%2CO%2CP-R,Bao Linh Nguyen,1291
21,"[Kaopiz software] TUY·ªÇN D·ª§NG INTERN/FRESHER TESTER QUY·ªÄN L·ª¢I: ƒê√†o t·∫°o mi·ªÖn ph√≠ trong 2 th√°ng, c√≥ tr·ª£ c·∫•p L∆∞∆°ng sau ƒë√†o t·∫°o upto 15M (Fresher), upto 60k/gi·ªù (Intern) ƒê·ªãnh h∆∞·ªõng cho c√°c v·ªã tr√≠ qu·∫£n l√Ω trong t∆∞∆°ng lai Y√äU C·∫¶U: Kh√¥ng y√™u c·∫ßu kinh nghi·ªám Sinh vi√™n nƒÉm cu·ªëi/c·∫≠n cu·ªëi/m·ªõi t·ªët nghi·ªáp, GPA >= 2.5 ·ª®ng vi√™n c√≥ base IT Chi ti·∫øt vui l√≤ng li√™n h·ªá m√¨nh ƒë·ªÉ ƒë∆∞·ª£c t∆∞ v·∫•n r√µ h∆°n nh√©!",19-9-2022 16:12,,8,1,[Kaopiz software] TUY·ªÇN D·ª§NG INTERN/FRESHER TESTER,72,https://www.facebook.com/groups/174764463261090/posts/1303126110424914/?__cft__[0]=AZVMikFkvqfcMd9VsSHAVkDR72XVqb3yG_GqOvL4nloctuEmAnBh1ot0W0OLcefdOf-9GDHv2v4N-CZJin3o7GJSHA2XjTimauttOyIumMIS9MiZHVmsoMIZUO0JuT03MoGGNr-1lvzQnpL6hhF-bvBf&__tn__=%2CO%2CP-R,Phuong Anh,1336
22,"C√¥ng ty c√¥ng ngh·ªá CHI√äU M·ªò FRESHER PHP, PYTHON, RUBY N·∫øu b·∫°n ƒëang l√† SINH VI√äN NƒÇM 4/ C√ÅC B·∫†N M·ªöI RA TR∆Ø·ªúNG KH√îNG Y√äU C·∫¶U KINH NGHI·ªÜM ƒëang c·∫ßn t√¨m m√¥i tr∆∞·ªùng g·∫Øn b√≥. H√£y v·ªÅ v·ªõi ƒë·ªôi c·ªßa Miagi Solution Quy·ªÅn l·ª£i ƒë∆∞·ª£c h∆∞·ªüng: ƒê∆∞·ª£c l√†m task d·ª± √°n th·ª±c t·∫ø L∆∞∆°ng kh·ªüi ƒëi·ªÉm h·∫•p d·∫´n 6-10M On job training, review l∆∞∆°ng ƒë·ªãnh k√¨ L∆∞∆°ng th√°ng th·ª© 13, th∆∞·ªüng l·ªÖ t·∫øt, th∆∞·ªüng d·ª± √°n Ph·ª• c·∫•p g·ª≠i xe, ƒÉn tr∆∞a, beauty care. Ch√¢n dung ·ª©ng vi√™n: C√≥ ki·∫øn th·ª©c n·ªÅn t·∫£ng v·∫µng b·∫•t k√¨ ng√¥n ng·ªØ n√†o Tinh th·∫ßn, th√°i ƒë·ªô nghi√™m t√∫c trong c√¥ng vi·ªác L√†m d·ª± √°n c√° nh√¢n, ƒë·ªôi nh√≥m v·ªÅ web G·ª≠i CV qua SƒêT:0348193076 Email: hr@miagi-so.com",12-10-2022 14:25,,1,1,"C√¥ng ty c√¥ng ngh·ªá CHI√äU M·ªò FRESHER PHP, PYTHON, RUBY",13,https://www.facebook.com/groups/174764463261090/posts/1321512991919559/?__cft__[0]=AZX2glMK_4qmTHRAAsL7WYx7cClF9sscvkDw7u8fX7YPpmQoY9BkGX0KxzOLY7RGUDMStyh0BYJBpCkgTEAjn3_o2Z3Q4wxnySlOGK-NL9O2xunkJ4lMJHZZ9R4PEJoKJu1pVO3UCNtWO9eb9I3h3M6L&__tn__=%2CO%2CP-R,Vu Hong Ngoc,1366
23,"Tuy·ªÉn d·ª•ng Fresher/Intern/LTV t·∫°i c·∫£ HN v√† HCM nhi·ªÅu v·ªã tr√≠  Quy·ªÅn l·ª£i: - ƒê∆∞·ª£c ƒë√†o t·∫°o l√Ω thuy·∫øt v√† on job training 1 - 3 th√°ng, tr·ª£ c·∫•p up to 6 tri·ªáu/th√°ng - ƒê∆∞·ª£c l√†m vi·ªác trong m√¥i tr∆∞·ªùng chuy√™n nghi·ªáp, tr·∫ª trung v√† nƒÉng ƒë·ªông - ƒê∆∞·ª£c tham gia v√†o c√°c d·ª± √°n l·ªõn v·ªÅ th∆∞∆°ng m·∫°i ƒëi·ªán t·ª≠, kh√°ch h√†ng qu·ªëc t·∫ø. - C√≥ c∆° h·ªôi tr·ªü th√†nh nh√¢n vi√™n ch√≠nh th·ª©c sau qu√° tr√¨nh th·ª±c t·∫≠p Y√™u c·∫ßu: - Sinh vi√™n nƒÉm 3, 4 ho·∫∑c ƒë√£ t·ªët nghi·ªáp ng√†nh CNTT ho·∫∑c c√°c ng√†nh li√™n quan, x·∫øp lo·∫°i kh√°, gi·ªèi. - C√≥ th·ªÉ tham d·ª± ƒë√†o t·∫°o full-time - Ti·∫øng Anh t·ªët ho·∫∑c c√≥ k·∫øt qu·∫£ h·ªçc t·∫≠p t·ªët/ th√†nh t√≠ch t·ªët s·∫Ω c√≥ l·ª£i th·∫ø ƒë·∫∑c bi·ªát. C√°c b·∫°n quan t√¢m ib m√¨nh g·ª≠i JD nh√©.",,,1,1,Tuy·ªÉn d·ª•ng Fresher/Intern/LTV t·∫°i c·∫£ HN v√† HCM nhi·ªÅu v·ªã tr√≠ ,39,https://www.facebook.com/groups/174764463261090/posts/1279273389476853/?__cft__[0]=AZUhHj3N2Gqfv49w5UEpJD5eeSl3tD7NNX3vlGaTe7jNcGf9tfHu8iG18oQoTS0UorTSDLP5XWtE47Cv2Nb3MROBrCmy5pKQ8z6STdRmT1RAfiKB6nSldYrp2Fh0uoTuCRYH4bQQ-GRE_wdDbqKZ6V4o&__tn__=%2CO%2CP-R,Eiramy Hoang,1380
24,"[CG -HN] C√¥ng ty C·ªï ph·∫ßn BlueCo To√†n C·∫ßu tuy·ªÉn fresher, th·ª±c t·∫≠p sinh Java. KH√îNG y√™u c·∫ßu kinh nghi·ªám Ch·∫•p nh·∫≠n sinh vi√™n m·ªõi ra tr∆∞·ªùng ho·∫∑c sinh vi√™n nƒÉm cu·ªëi H·ªó tr·ª£ 3-5M/ th√°ng H·ªó tr·ª£ d·∫•u th∆∞c t·∫≠p M√¥i tr∆∞·ªùng nƒÉng ƒë·ªông, S·∫øp tho·∫£i m√°i Nhi·ªÅu c∆° h·ªôi ph√°t tri·ªÉn C√≥ c∆° h·ªôi g·∫Øn b√≥ l√¢u d√†i v·ªõi C√¥ng ty M·ªçi th√¥ng tin quan t√¢m ib m√¨nh nh√©.",11-10-2022 14:17,,1,1,"[CG -HN] C√¥ng ty C·ªï ph·∫ßn BlueCo To√†n C·∫ßu tuy·ªÉn fresher, th·ª±c t·∫≠p sinh Java.",57,https://www.facebook.com/groups/174764463261090/posts/1320710578666467/?__cft__[0]=AZV716ajw2cqJG4jKjg_SpO89oAm_FkS3yEEVRNkugG7iOSbj3fPHidHtzzUQYVeedK7L3UagkU1FZmLi-1HUZN0qfzXYLjY8gXlIWzSJagN8BDeR10W4cHgHuPy8bnYdyQEPyVk9w24Dj5jXank8hQu&__tn__=%2CO%2CP-R,Nguy·ªÖn Nhung,1420
25, [FPT SOFTWARE] Tuy·ªÉn d·ª•ng #Fresher  ƒê√†o t·∫°o l·∫°i t·ª´ ƒë·∫ßu kh√¥ng y√™u c·∫ßu kinh nghi·ªám  h·ªó tr·ª£ l∆∞∆°ng 5M- 7M/th√°ng  sau 3 th√°ng ƒë√†o t·∫°o l∆∞∆°ng 10M-15M Tuy·ªÉn d·ª•ng #Senior #junior c√°c job v·ªõi m·ª©c l∆∞∆°ng 15M - 35M  C√°c b·∫°n quan t√¢m ib  G·ª≠i CV v·ªÅ email minhit.hnue@gmail.com nha ,2-10-2021 20:34,,8,1, [FPT SOFTWARE],229,https://www.facebook.com/groups/174764463261090/posts/1068749983862529/?__cft__[0]=AZXmr2Getskk7XhBfuFHnHTIU45dwEKG9Row18qBrFVDz5wVAgrlro9-NRwQAHWXIKbVzQ8BAHUiFfgArJ78bKBTS-6Vv1QblqFlaDb1QVne1ouagu76LApfdqKOfrYFupmLJ-8tVsUeXxWS-HAerP_m&__tn__=%2CO%2CP-R,Ho√†ng Minh,1477
26,"Xin ph√©p admin!! [FPT SoftWare HN - ƒêN] T√¨m ki·∫øm fresher Th√°ng 10 #Fresher ƒê√†o t·∫°o t·ª´ ƒë·∫ßu h·ªó tr·ª£ 5-9m/th√°ng Vi tr√≠: .NET Java Auto Test Embedded - Kh√¥ng y√™u c·∫ßu ·ª©ng vi√™n c√≥ kinh nghi·ªám l√†m vi·ªác ngo√†i, ch·ªâ c·∫ßn c√≥ kinh nghi·ªám tham gia d·ª± √°n trong l√∫c ƒëi h·ªçc. - ƒê√†o t·∫°o l·∫°i t·ª´ ƒë·∫ßu, - PV 1 v√≤ng duy nh·∫•t, Sau 3 th√°ng ƒë√†o t·∫°o offer 10-15m! #Senior #Junior full c√°c job v·ªõi offer upto 1k -1k5 Apply g·ª≠i CV v·ªÅ nguyenthanhtra07092004@gmail.com Ti√™u ƒë·ªÅ [H·ªç T√™n]-[V·ªã tr√≠ apply]",16-9-2022 18:03,,3,1,Xin ph√©p admin!!,78,https://www.facebook.com/groups/174764463261090/posts/1300493280688197/?__cft__[0]=AZWeVS1iCm_p_369i9lonJNXieSUI6uT4u5mPRmaMvefisz96pNcuKSZIu-IuwOMEm0Og73rCN3d3-mi4tNbg1I-uxtr4COUvZHVprXn39vxFw9LyhcmfQzjDUFBTgLtzzWy_isa-eH36a6U0ESNaX-c&__tn__=%2CO%2CP-R,Nguy·ªÖn Thanh Tr√†,1490
27,"[Xu√¢n La - H√† N·ªôi] VHV TH√îNG B√ÅO TUY·ªÇN D·ª§NG INTERN/ FRESHER 1. Back-end PHP 2. BA 3. Tester Quy·ªÅn l·ª£i khi tr·ªü th√†nh th√†nh vi√™n VHV: M·ª©c l∆∞∆°ng h·∫•p d·∫´n, th∆∞·ªüng h√†ng th√°ng, th∆∞·ªüng doanh thu. th∆∞·ªüng l·ªÖ T·∫øt, th∆∞·ªüng sinh nh·∫≠t c√¥ng ty,... Intern: 4-8M/th√°ng+ d·∫•u x√°c nh·∫≠n TT Fresher: upto 15M+ th∆∞·ªüng d·ª± √°n Review l∆∞∆°ng 2 l·∫ßn/nƒÉm Tham gia v√†o c√°c ho·∫°t ƒë·ªông c·ªßa c√¥ng ty: du xu√¢n, du l·ªãch h√®, teambuilding, sinh nh·∫≠t, kh√°m s·ª©c kh·ªèe ƒë·ªãnh k·ª≥, c√°c CLB b√≥ng ƒë√°, ch·∫°y b·ªô, ƒë·ªçc s√°ch,... C√πng r·∫•t nhi·ªÅu ch·∫ø ƒë·ªô ƒë√£i ng·ªô h·∫•p d·∫´n kh√°c ‚Äî----------- CV vui l√≤ng g·ª≠i v·ªÅ: Phuongnt2@vhv.vn ho·∫∑c inb ƒë·ªÉ nh·∫≠n JD tr·ª±c ti·∫øp",14-9-2022 19:52,,2,1,[Xu√¢n La - H√† N·ªôi] VHV TH√îNG B√ÅO TUY·ªÇN D·ª§NG INTERN/ FRESHER,47,https://www.facebook.com/groups/174764463261090/posts/1299646127439579/?__cft__[0]=AZV0ef4BDGDzgB9LRyONveP3MzR8o8FP5kBFy0aCbA_a0r2HCGuIG7b2YznqTF65YTfiOUA3eWK8N5vSuNXmcJWaAgWSMIYvXbOMJUOq7RQRJlnR7DCmJUrbnR24A11TradymD_-tRbgtsRTbO6fSxBT&__tn__=%2CO%2CP-R,Nguy·ªÖn Ph∆∞∆°ng,1559
28,"Tokyo Tech Lab tuy·ªÉn d·ª•ng Th·ª±c t·∫≠p sinh, Fresher 1 v√≤ng ph·ªèng v·∫•n Fresher NodeJS/Python (5 b·∫°n) m·ª©c l∆∞∆°ng c·∫°nh tranh Th·ª±c t·∫≠p NodeJS (10 b·∫°n) Th·ª±c t·∫≠p Python (10 b·∫°n) Th·ª±c t·∫≠p Tester (5 b·∫°n) ∆∞u ti√™n fulltime Quy·ªÅn l·ª£i: H·ªó tr·ª£ l∆∞∆°ng TTS, d·∫•u TT, benifit kh√°c (free g·ª≠i xe, hoa qu·∫£, b√°nh ƒÉn h√†ng ng√†y h√†ng gi·ªù, li√™n hoan tu·∫ßn, th√°ng,...) C√≥ c∆° h·ªôi tr·ªü th√†nh nh√¢n vi√™n ch√≠nh th·ª©c v·ªõi m·ª©c l∆∞∆°ng c·∫°nh tranh v√† ch·∫ø ƒë·ªô ƒë√£i ng·ªô t·ªët M√¥i tr∆∞·ªùng l√†m vi·ªác tr·∫ª, nƒÉng ƒë·ªông ƒë·∫ßy nhi·ªát huy·∫øt Tham gia c√°c ho·∫°t ƒë·ªông kh√°c nh∆∞: team building, game, du l·ªãch trong v√† ngo√†i n∆∞·ªõc,‚Ä¶ Y√™u c·∫ßu: Sinh vi√™n nƒÉm 3, 4, chu·∫©n b·ªã t·ªët nghi·ªáp, ho·∫∑c m·ªõi t·ªët nghi·ªáp C√≥ th·ªÉ l√†m vi·ªác √≠t nh·∫•t 20h/tu·∫ßn (T2-T6), ∆∞u ti√™n fulltime C√≥ ki·∫øn th·ª©c c∆° b·∫£n C√≥ t∆∞ duy logic, th√°i ƒë·ªô c·∫ßu ti·∫øn, chƒÉm ch·ªâ Nhanh tay g·ª≠i chi·∫øc CV ƒë·ªÉ nh·∫≠n t∆∞ v·∫•n nhi·ªát t√¨nh nh√© G·ª≠i CV v·ªÅ Email: hr@tokyotechlab.com T√≤a CT3 - E4 Y√™n H√≤a Park View, s·ªë 3 V≈© Ph·∫°m H√†m, P.Y√™n H√≤a, Q.C·∫ßu Gi·∫•y, TP. H√† N·ªôi",5-8-2022 03:04,,1,1,"Tokyo Tech Lab tuy·ªÉn d·ª•ng Th·ª±c t·∫≠p sinh, Fresher 1 v√≤ng ph·ªèng v·∫•n",25,https://www.facebook.com/groups/174764463261090/posts/1272024960201696/?__cft__[0]=AZVpL25fy_ZsK8k3_HzfCDQY5HDwIq198-ukDKGx_XmbNqTxFOauQDOxSprKKJlq4YDw7QMeDzQmXfWVNvsVYYIIe2cJnTiopDpipEny61FjAq7N-hZcQWfpoVvK9TQiFiQnTnglH8PqKP4oBjbBPyWo&__tn__=%2CO%2CP-R,Lan Beo,1580
29,"Tokyo Tech Lab tuy·ªÉn d·ª•ng Th·ª±c t·∫≠p sinh, Fresher 1 v√≤ng ph·ªèng v·∫•n Fresher NodeJS/Python (5 b·∫°n) m·ª©c l∆∞∆°ng c·∫°nh tranh Th·ª±c t·∫≠p NodeJS (10 b·∫°n) Th·ª±c t·∫≠p Python (10 b·∫°n) Th·ª±c t·∫≠p Tester (5 b·∫°n) ∆∞u ti√™n fulltime Quy·ªÅn l·ª£i: H·ªó tr·ª£ l∆∞∆°ng TTS, d·∫•u TT, benifit kh√°c (free g·ª≠i xe, hoa qu·∫£, b√°nh ƒÉn h√†ng ng√†y h√†ng gi·ªù, li√™n hoan tu·∫ßn, th√°ng,...) C√≥ c∆° h·ªôi tr·ªü th√†nh nh√¢n vi√™n ch√≠nh th·ª©c v·ªõi m·ª©c l∆∞∆°ng c·∫°nh tranh v√† ch·∫ø ƒë·ªô ƒë√£i ng·ªô t·ªët M√¥i tr∆∞·ªùng l√†m vi·ªác tr·∫ª, nƒÉng ƒë·ªông ƒë·∫ßy nhi·ªát huy·∫øt Tham gia c√°c ho·∫°t ƒë·ªông kh√°c nh∆∞: team building, game, du l·ªãch trong v√† ngo√†i n∆∞·ªõc,‚Ä¶ Y√™u c·∫ßu: Sinh vi√™n nƒÉm 3, 4, chu·∫©n b·ªã t·ªët nghi·ªáp, ho·∫∑c m·ªõi t·ªët nghi·ªáp C√≥ th·ªÉ l√†m vi·ªác √≠t nh·∫•t 20h/tu·∫ßn (T2-T6), ∆∞u ti√™n fulltime C√≥ ki·∫øn th·ª©c c∆° b·∫£n C√≥ t∆∞ duy logic, th√°i ƒë·ªô c·∫ßu ti·∫øn, chƒÉm ch·ªâ Nhanh tay g·ª≠i chi·∫øc CV ƒë·ªÉ nh·∫≠n t∆∞ v·∫•n nhi·ªát t√¨nh nh√© G·ª≠i CV v·ªÅ Email: hr@tokyotechlab.com T√≤a CT3 - E4 Y√™n H√≤a Park View, s·ªë 3 V≈© Ph·∫°m H√†m, P.Y√™n H√≤a, Q.C·∫ßu Gi·∫•y, TP. H√† N·ªôi",,,1,1,"Tokyo Tech Lab tuy·ªÉn d·ª•ng Th·ª±c t·∫≠p sinh, Fresher 1 v√≤ng ph·ªèng v·∫•n",25,https://www.facebook.com/groups/174764463261090/posts/1272024960201696/?__cft__[0]=AZVpL25fy_ZsK8k3_HzfCDQY5HDwIq198-ukDKGx_XmbNqTxFOauQDOxSprKKJlq4YDw7QMeDzQmXfWVNvsVYYIIe2cJnTiopDpipEny61FjAq7N-hZcQWfpoVvK9TQiFiQnTnglH8PqKP4oBjbBPyWo&__tn__=%2CO%2CP-R,Lan Beo,1602
30,"  Tuy·ªÉn d·ª•ng Intern/Fresher PHP kh√¥ng y√™u c·∫ßu kinh nghi·ªám, H·ªó tr·ª£ l∆∞∆°ng cho Intern. CV g·ª≠i v·ªÅ thuhoa794@gmail.com",,,1,1,,40,https://www.facebook.com/groups/174764463261090/posts/1309491756455016/?__cft__[0]=AZUpgI8vCJeuefQXf_7l-QAF5ypq5Jb6P2_EsQik4_DD6JD31nSCW1GH8hCr3yZdWAY2GS0KO0rsP2E4GoDF2cifKEa0_-in2gGjSRsVA-HxB8fH-YgfNET72WdNwhMncKY1EYoAxQ3L13wACMila8eC&__tn__=%2CO%2CP-R,Thu H∆∞∆°ng,1624
31,"[C·∫ßu Gi·∫•y - HN] Tuy·ªÉn Intern/Fresher c√°c v·ªã tr√≠: 5 ReactJS 5 VueJS 5 PHP laravel 2 Flutter ƒê√£i ng·ªô: Upto 10 M. ƒê∆∞·ª£c cung c·∫•p thi·∫øt b·ªã l√†m vi·ªác. C√≥ c∆° h·ªôi tr·ªü th√†nh NV ch√≠nh th·ª©c Y√™u c·∫ßu: C√≥ ki·∫øn th·ª©c v·ªÅ v·ªã tr√≠ ·ª©ng tuy·ªÉn Nhanh nh·∫πn, chƒÉm ch·ªâ, ham h·ªçc h·ªèi. C√≥ mong mu·ªën g·∫Øn b√≥ l√¢u d√†i. Th·ªùi gian l√†m vi·ªác: Th·ª© Hai - Th·ª© S√°u Ib nh·∫≠n JD chi ti·∫øt ho·∫∑c g·ª≠i CV qua mail: hr@ninasoft.vn",5-8-2022 03:06,,2,1,[C·∫ßu Gi·∫•y - HN] Tuy·ªÉn Intern/Fresher c√°c v·ªã tr√≠:,67,https://www.facebook.com/groups/174764463261090/posts/1271759673561558/?__cft__[0]=AZVCheCo65j4NQ83onWS2tdei8AAseHZ1lf5wiI8-u6yRFSGq6uOefMrikdRQO03E84bV1HtJ_c6FhkmldRXZx_BRP3HHA3vQdWnvwBYsZAFnzBitQs6IA2ggUKhvTWL6GLyjiT19EMqTQsQl6yPCMvR&__tn__=%2CO%2CP-R,HR Ninasoft,1654
32,"[HN] FPT Software t√¨m ki·∫øm 20 FRESHER CLOUD ENGINEER  ƒê√†o t·∫°o kh√¥ng y√™u c·∫ßu kinh nghi·ªám, ƒë∆∞·ª£c nh·∫≠n h·ªó tr·ª£ 5-8M/ th√°ng  Sau ƒë√†o t·∫°o offer m·ª©c l∆∞∆°ng 12-15M/ th√°ng H·ªó tr·ª£ d·∫•u th·ª±c t·∫≠p B·∫°n c·∫ßn g√¨ ƒë·ªÉ ·ª©ng tuy·ªÉn Fresher CLOUD ENGINEER ? - C√≥ ki·∫øn th·ª©c v·ªÅ Cloud Computing, c√°c h·ªá ƒëi·ªÅu h√†nh Linux/Window - Kh·∫£ nƒÉng ti·∫øng anh kh√°",27-9-2022 15:28,,0,1,[HN] FPT Software t√¨m ki·∫øm 20 FRESHER CLOUD ENGINEER,17,https://www.facebook.com/groups/174764463261090/posts/1309215733149285/?__cft__[0]=AZXtUyM5fWJT2nfDk4G-tO-Ahv_8Jo9bIQLCWPj_6vaE8XTouwQSqCDAZiWzOl1xyEnsNdQpchlThn99iaG4oZS3l9cxswNK5h9l21SY8FLbj0wzvMbtkIQ5oOQ_EYnJnvMkptM4OSRbK4z8qErsbInU&__tn__=%2CO%2CP-R,V≈© ƒêƒÉng T√¨nh,1715
33,"[FPT SOFTWARE H√Ä N·ªòI] CHI√äU M·ªò FRESHER JAVA ƒê√ÄO T·∫†O MI·ªÑN PH√ç B·∫∞NG TI·∫æNG NH·∫¨T 1. Y√™u c·∫ßu ‚Ä¢ Tham gia ƒë√†o t·∫°o fulltime t·ª´ th·ª© 2 - th·ª© 6 ‚Ä¢ C√≥ ki·∫øn th·ª©c c∆° b·∫£n v·ªÅ ng√¥n ng·ªØ l·∫≠p tr√¨nh Javacore, OOP v√† SQL Server ‚Ä¢ Ti·∫øng Nh·∫≠t N4+ ho·∫∑c giao ti·∫øp kh√° ‚Ä¢ C√≥ ƒë·ªãnh h∆∞·ªõng l√†m vi·ªác onsite t·∫°i Nh·∫≠t B·∫£n 2. Quy·ªÅn l·ª£i ‚Ä¢ Tr·ª£ c·∫•p ƒë√†o t·∫°o 7-8,4M/th√°ng ‚Ä¢ ƒê∆∞·ª£c training mi·ªÖn ph√≠ c·∫£ v·ªÅ Technical v√† ti·∫øng Nh·∫≠t (h·ªó tr·ª£ thi ch·ª©ng ch·ªâ JLPT) ‚Ä¢ Tham gia l√†m vi·ªác t·∫°i Nh·∫≠t B·∫£n sau ch∆∞∆°ng tr√¨nh ƒë√†o t·∫°o ‚Ä¢ Thu Nh·∫≠t khi onsite l√™n ƒë·∫øn 700M/nƒÉm -------------------------------------",6-10-2022 20:33,,0,1,[FPT SOFTWARE H√Ä N·ªòI] CHI√äU M·ªò FRESHER JAVA ƒê√ÄO T·∫†O MI·ªÑN PH√ç B·∫∞NG TI·∫æNG NH·∫¨T,5,https://www.facebook.com/groups/174764463261090/posts/1316576515746540/?__cft__[0]=AZW0HvQPxdfcI_sYHJtiWxu13Mv2sZshZb-CdShcYpsCJNZl8j6CWtaQKDZOgHWe_KbbEMdgR_Jy5p2kF3ciTb25H7ql80LTwMx2mWrtokBDhs4arzNBEWj221PJUfsb1KcQopzysZASzxIlH4jQKJUu&__tn__=%2CO%2CP-R,Ph∆∞∆°ng Minh,1722
34,"(HN) Evotek tuy·ªÉn d·ª•ng Java, .Net, React Native Intern/Fresher. Ph·ª• c·∫•p 3-8M cho TTS Fresher up to 15M.  Benefits: - Leader d√†y d·∫∑n kinh nghi·ªám - C∆° h·ªôi l√™n ch√≠nh th·ª©c sau 2-3 th√°ng - M√¥i tr∆∞·ªùng tr·∫ª, nƒÉng ƒë·ªông - Review l∆∞∆°ng 2 l·∫ßn/nƒÉm c√°c level Junior - Senior - Review l∆∞∆°ng 4 l·∫ßn/nƒÉm c√°c level TTS - Fresher - Qu·ªπ du l·ªãch Teambuilding 2 l·∫ßn/nƒÉm - Th∆∞·ªüng sinh nh·∫≠t, hi·∫øu h·ª∑, l·ªÖ t·∫øt, 8/3, 20/10,... - CLb b√≥ng ƒë√°, giao l∆∞u h√†ng tu·∫ßn - Ph√∫c l·ª£i t·ªët cho nh√¢n vi√™n v√† gia ƒë√¨nh: BHXH, G√≥i BH s·ª©c kho·∫ª cao c·∫•p B·∫£o Vi·ªát, qu√† t·∫∑ng sinh nh·∫≠t cho gia ƒë√¨nh,... Contact m√¨nh ƒë·ªÉ nh·∫≠n Jd nh√©.  CV g·ª≠i v·ªÅ: hang.nguyenthanh@evotek.vn ƒê·ªãa ch·ªâ:",4-8-2022 08:59,,0,1,(HN),26,https://www.facebook.com/groups/174764463261090/posts/1271253583612167/?__cft__[0]=AZVpmD50fKnSXC49Gn-DT8_vmdN6qfO0NEBLvQvxj7GXDxpD_kukbuCT7cNlnbz0uYgWSU7Xjs41gaO1OXurOfXlAZ_jO5gXkAf6kakzdFLob_5PvvIdEVQHO8swBWYJQjj7o68bODHSUrY5kNBCOswZ&__tn__=%2CO%2CP-R,Thanh H·∫±ng,1725
35,"Xin ph√©p admin!! T√¨m ki·∫øm fresher Th√°ng 8 #Fresher ƒê√†o t·∫°o t·ª´ ƒë·∫ßu h·ªó tr·ª£ 6-8m/th√°ng Vi tr√≠: +Java +C#/.NET, + Auto test, +Embedded, +C++ Kh√¥ng y√™u c·∫ßu kinh nghi·ªám ƒë√†o t·∫°o t·ª´ ƒë·∫ßu 1 v√≤ng pv online duy nh·∫•t Sau 3 th√°ng ƒë√†o t·∫°o offer 10-15m! #Senior #Junior full c√°c job v·ªõi offer upto 35m! Apply g·ª≠i Cv v·ªÅ sknth711@gmail.com.Ti√™u ƒë·ªÅ [H·ªç T√™n]-[V·ªã tr√≠ apply]",,,6,1,Xin ph√©p admin!!,131,https://www.facebook.com/groups/174764463261090/posts/1261571147913744/?__cft__[0]=AZWiAk9rfxpQ9pwJzTpS405ZvzAdyztng4Ls2N_awTBA6T6s9l7Oiqk-3z0omrL2Bjgg2vICAcdAP9p5KbQISrFj0v7JqO0zlfJQT5UFcxrJqzX2MMRZQmUeGdNXX7JB4gv2Nfpgs2ZWoqOWhB1Tk1h5&__tn__=%2CO%2CP-R,Nguy·ªÖn Trung Hi·∫øu,1751
36,"[HN] B√äN M√åNH V·∫™N OPEN 2 V·ªä TR√ç FRESHER/JUNIOR #FRONTEND ∆Øu ti√™n c√°c b·∫°n t·ª´ c√°c tr∆∞·ªùng ƒêH chuy√™n ng√†nh IT ho·∫∑c li√™n quan ƒê√£ c√≥ t·ª´ 4-6 th√°ng l√†m Frontend, c√≥ th·ªÉ chuy·ªÉn sang l√†m Angular ∆Øu ti√™n ƒëi l√†m ƒë∆∞·ª£c s·ªõm Ph·ªèng v·∫•n online L√†m vi·ªác t·ª´ th·ª© 2 ƒë·∫øn th·ª© 6 L∆∞∆°ng: 13M-18M. Ko th·ª≠ vi·ªác, nh·∫≠n full quy·ªÅn l·ª£i t·ª´ ng√†y ƒë·∫ßu ƒëi l√†m ƒê∆∞·ª£c tham gia d·ª± √°n th·ª±c t·∫ø, chuy√™n s√¢u, ƒë∆∞·ª£c ƒë√†o t·∫°o, l√†m vi·ªác trong m√¥i tr∆∞·ªùng b√†i b·∫£n, chuy√™n nghi·ªáp ------ C·∫£ nh√† ib m√¨nh g·ª≠i JD nh√© ·∫°",6-10-2022 15:40,,1,1,[HN] B√äN M√åNH V·∫™N OPEN 2 V·ªä TR√ç FRESHER/JUNIOR #FRONTEND,15,https://www.facebook.com/groups/174764463261090/posts/1316479039089621/?__cft__[0]=AZVMqU9j85bwuhj54TQ8F0J6ApZQAcGIFATC4CsTBHqQQp2hGuvweG75O-tkQ8VMy5Eu6ya-LnkK8A5aYUcQD28I9C9t0Ix2VEaLNPKVYnN6cmEjWpqebOuYWXREeCvMnREUNZzFOGTlGhaxfAwDZkXd&__tn__=%2CO%2CP-R,Nguy·ªÖn H·∫±ng,1762
37,"[Th·ªß ƒê·ª©c - HCM] Fresher Frontend, Backend v√† Mobile Engineer Hi all, Tego Global ƒëang t√¨m c√°c b·∫°n fresher nh∆∞ sau: - Frontend Engineer (React, Vue, Angular) - Backend Engineer (Java, Node, Ruby, Python) - Mobile Engineer (React Native) S·ªë l∆∞·ª£ng tuy·ªÉn: 2 Frontend, 3 Backend, 2 Mobile Y√™u c·∫ßu: giao ti·∫øp ti·∫øng anh ƒë∆∞·ª£c, kh√¥ng c·∫ßn l∆∞u lo√°t nh∆∞ng c√≥ th·ªÉ hi·ªÉu v√† ph·∫£n h·ªìi c√¢u h·ªèi ƒë·ªß √Ω. M·ª©c l∆∞∆°ng dao ƒë·ªông t·ª´ 8tr - 12tr NET - N∆°i l√†m vi·ªác: Th·ªß ƒê·ª©c, HCM - Ph√∫c l·ª£i: o L∆∞∆°ng th√°ng 13 o Review tƒÉng l∆∞∆°ng 2 l·∫ßn 1 nƒÉm o Ph·ª• c·∫•p gi·ªØ xe, c∆°m tr∆∞a t·∫°i vƒÉn ph√≤ng o CLB th·ªÉ thao o Qu√† t·∫∑ng c√°c ng√†y l·ªÖ l·ªõn o BHXH, BHYT ƒë·∫ßy ƒë·ªß C√°c b·∫°n quan t√¢m vui l√≤ng INBOX ho·∫∑c Skype: live:.cid.f32dc2753770f32e Mail: nlt.ngan@tego.global",26-9-2022 21:38,,0,1,"[Th·ªß ƒê·ª©c - HCM] Fresher Frontend, Backend v√† Mobile Engineer",23,https://www.facebook.com/groups/174764463261090/posts/1308600083210850/?__cft__[0]=AZUZixSbjZYMdWm21fNeiBUYnius7jAL-UgjW-c2Chd08k4kMcwJ_gg1ag9XPFOf_p3gW5opGGK8ht2WzAO4UJkbg6Y1mfWXYA1p7hQk_iNe0bHEPgiMlPzZvE74nSGY8uFiXs20E3Om_zFYMSf625kUX3kiEYVW-rlIVqJmQzFuKQ&__tn__=%2CO%2CP-R,Ng√¢n L√™,1772
38,"(HN) Evotek tuy·ªÉn d·ª•ng Java, .Net, React Native Intern/Fresher. Ph·ª• c·∫•p 3-8M cho TTS Fresher up to 15M.  Benefits: - Leader d√†y d·∫∑n kinh nghi·ªám - C∆° h·ªôi l√™n ch√≠nh th·ª©c sau 2-3 th√°ng - M√¥i tr∆∞·ªùng tr·∫ª, nƒÉng ƒë·ªông - Review l∆∞∆°ng 2 l·∫ßn/nƒÉm c√°c level Junior - Senior - Review l∆∞∆°ng 4 l·∫ßn/nƒÉm c√°c level TTS - Fresher - Qu·ªπ du l·ªãch Teambuilding 2 l·∫ßn/nƒÉm - Th∆∞·ªüng sinh nh·∫≠t, hi·∫øu h·ª∑, l·ªÖ t·∫øt, 8/3, 20/10,... - CLb b√≥ng ƒë√°, giao l∆∞u h√†ng tu·∫ßn - Ph√∫c l·ª£i t·ªët cho nh√¢n vi√™n v√† gia ƒë√¨nh: BHXH, G√≥i BH s·ª©c kho·∫ª cao c·∫•p B·∫£o Vi·ªát, qu√† t·∫∑ng sinh nh·∫≠t cho gia ƒë√¨nh,... Contact m√¨nh ƒë·ªÉ nh·∫≠n Jd nh√©.  CV g·ª≠i v·ªÅ: hang.nguyenthanh@evotek.vn ƒê·ªãa ch·ªâ:",4-8-2022 08:59,,0,1,(HN),26,https://www.facebook.com/groups/174764463261090/posts/1271253583612167/?__cft__[0]=AZVpmD50fKnSXC49Gn-DT8_vmdN6qfO0NEBLvQvxj7GXDxpD_kukbuCT7cNlnbz0uYgWSU7Xjs41gaO1OXurOfXlAZ_jO5gXkAf6kakzdFLob_5PvvIdEVQHO8swBWYJQjj7o68bODHSUrY5kNBCOswZ&__tn__=%2CO%2CP-R,Thanh H·∫±ng,1795
39,"[H√Ä N·ªòI] VCMEDIA TUY·ªÇN D·ª§NG INTERN/ FRESHER C√ÅC V·ªä TR√ç Back- End PHP AI BA Y√™u c·∫ßu nho nh·ªè: Intern: ƒêang l√† sinh vi√™n nƒÉm cu·ªëi ho·∫∑c t·ªët nghi·ªáp chuy√™n ng√†nh CNTT ho·∫∑c nh·ªØng chuy√™n ng√†nh kh√°c c√≥ li√™n quan Fresher: c√≥ t·ªëi thi·ªÉu 06 th√°ng kinh nghi·ªám l√†m vi·ªác ·ªü v·ªã tr√≠ t∆∞∆°ng ƒë∆∞∆°ng N·∫Øm v·ªØng ki·∫øn th·ª©c c∆° b·∫£n v·ªÅ l·∫≠p tr√¨nh C√≥ th·ªÉ l√†m vi·ªác fulltime Quy·ªÅn l·ª£i: Intern: H·ªó tr·ª£ 4-8M/th√°ng+ D·∫•u x√°c nh·∫≠n Fresher: upto 20M/th√°ng+ bonus d·ª± √°n Sau 2-3 th√°ng ƒë√†o t·∫°o s·∫Ω ƒë∆∞·ª£c c√¢n nh·∫Øc l√™n NV ch√≠nh th·ª©c M√¥i tr∆∞·ªùng l√†m vi·ªác tr·∫ª trung, nƒÉng ƒë·ªông, l·ªô tr√¨nh thƒÉng ti·∫øn r√µ r√†ng. ƒê∆∞·ª£c c√°c leader tr·ª±c ti·∫øp h∆∞·ªõng d·∫´n, c·∫ßm tay ch·ªâ vi·ªác ----- ·ª®ng tuy·ªÉn g·ª≠i CV v·ªÅ mail: Phuongnt2@vhv.vn ho·∫∑c inb ƒë·ªÉ nh·∫≠n JD tr·ª±c ti·∫øp",,,1,1,[H√Ä N·ªòI] VCMEDIA TUY·ªÇN D·ª§NG INTERN/ FRESHER C√ÅC V·ªä TR√ç,31,https://www.facebook.com/groups/174764463261090/posts/1279122156158643/?__cft__[0]=AZUvIIuW2cEJnSl3gLGTaORVRfls-HJBOGrUeg7Qnxe9q5hKdI0-9tnrHQInAukxdtlDqKh74HdpcHKCgtlc8PCcCEDE67GDk0uu2r0qgQAByGsrPaZueqEW3cNlPC860z7euudmaKmZd-4SSnZo_IFL&__tn__=%2CO%2CP-R,Nguy·ªÖn Ph∆∞∆°ng,1821
40,"Gadget tuy·ªÉn d·ª•ng L·∫≠p tr√¨nh vi√™n Mobile/NodeJS - Fresher/Intern Quy·ªÅn l·ª£i: - 4 tri·ªáu/th√°ng: Tr√¨nh ƒë·ªô Intern (sau 2 th√°ng s·∫Ω review l√™n Fresher) 7 tri·ªáu/th√°ng: Tr√¨nh ƒë·ªô Fresher - ƒê∆∞·ª£c h∆∞·ªõng d·∫´n tr·ª±c ti·∫øp b·ªüi Gi√°m ƒë·ªëc ƒëi·ªÅu h√†nh - ƒê∆∞·ª£c l√†m vi·ªác trong m√¥i tr∆∞·ªùng Startup nƒÉng ƒë·ªông, s√°ng t·∫°o - S·∫øp vui t√≠nh, ƒë·ªìng nghi·ªáp ƒë√°ng y√™u - Du l·ªãch h√†ng nƒÉm, teambuiding h√†ng th√°ng - ƒê∆∞·ª£c h∆∞·ªüng ƒë·∫ßy ƒë·ªß c√°c ch·∫ø ƒë·ªô theo quy ƒë·ªãnh c·ªßa Nh√† n∆∞·ªõc, review v√† tƒÉng l∆∞∆°ng theo nƒÉng l·ª±c Y√™u c·∫ßu: - C√≥ laptop c√° nh√¢n - Nghi√™m t√∫c, chƒÉm ch·ªâ, nhi·ªát t√¨nh v·ªõi c√¥ng vi·ªác - T∆∞ duy t·ªët, ham h·ªçc h·ªèi, ch·ªß ƒë·ªông trong c√¥ng vi·ªác ƒê·ªãa ƒëi·ªÉm l√†m vi·ªác: H√† N·ªôi ho·∫∑c TP H·ªì Ch√≠ Minh C√°c b·∫°n quan t√¢m vui l√≤ng inbox m√¨nh.",22-7-2022 16:10,,3,1,Gadget tuy·ªÉn d·ª•ng L·∫≠p tr√¨nh vi√™n Mobile/NodeJS,85,https://www.facebook.com/groups/174764463261090/posts/1263461531058039/?__cft__[0]=AZXxaDn9MYYeNXOk1uSv3v8YTgj8i6FOpM98SkWAjL0pNdNWXKPc7SZidJOVpqacZtEh1bbFRPALVCBxXfINnz5sGVWyzDFf5YYEfdn2JG3WqgerSpMU2-aSgpqLZR9ajx8k8-0p1PBDwi5N7-0JOoYw&__tn__=%2CO%2CP-R,Ng·ªçc Hi·ªÅn,1853
41,"[Th·ªß ƒê·ª©c - HCM] Fresher Frontend, Backend v√† Mobile Engineer Hi all, Tego Global ƒëang t√¨m c√°c b·∫°n fresher nh∆∞ sau: - Frontend Engineer (React, Vue, Angular) - Backend Engineer (Java, Node, Ruby, Python) - Mobile Engineer (React Native) S·ªë l∆∞·ª£ng tuy·ªÉn: 2 Frontend, 3 Backend, 2 Mobile Y√™u c·∫ßu: giao ti·∫øp ti·∫øng anh ƒë∆∞·ª£c, kh√¥ng c·∫ßn l∆∞u lo√°t nh∆∞ng c√≥ th·ªÉ hi·ªÉu v√† ph·∫£n h·ªìi c√¢u h·ªèi ƒë·ªß √Ω. M·ª©c l∆∞∆°ng dao ƒë·ªông t·ª´ 8tr - 12tr NET - N∆°i l√†m vi·ªác: Th·ªß ƒê·ª©c, HCM - Ph√∫c l·ª£i: o L∆∞∆°ng th√°ng 13 o Review tƒÉng l∆∞∆°ng 2 l·∫ßn 1 nƒÉm o Ph·ª• c·∫•p gi·ªØ xe, c∆°m tr∆∞a t·∫°i vƒÉn ph√≤ng o CLB th·ªÉ thao o Qu√† t·∫∑ng c√°c ng√†y l·ªÖ l·ªõn o BHXH, BHYT ƒë·∫ßy ƒë·ªß C√°c b·∫°n quan t√¢m vui l√≤ng INBOX ho·∫∑c Skype: live:.cid.f32dc2753770f32e Mail: nlt.ngan@tego.global",,,0,1,"[Th·ªß ƒê·ª©c - HCM] Fresher Frontend, Backend v√† Mobile Engineer",23,https://www.facebook.com/groups/174764463261090/posts/1308600083210850/?__cft__[0]=AZVV7vlqkidL0MHNynlgadKXqhqMTmkxlt3MO0spksd0KzSJ_cftU5tmL100mpilc2JzhUehM4LI4cT9bfmo1b16WJmU4lqIrzahMf9nIKK8a9HRCUy6WufXYLX6YrgpvmS235bTfbSJG_jW9HYn1-TPleQSSPWSDzSxK56tjMq2FA&__tn__=%2CO%2CP-R,Ng√¢n L√™,1934
42,"[H√Ä N·ªòI] VCMEDIA TUY·ªÇN D·ª§NG INTERN/ FRESHER C√ÅC V·ªä TR√ç Back- End PHP AI BA Y√™u c·∫ßu nho nh·ªè: Intern: ƒêang l√† sinh vi√™n nƒÉm cu·ªëi ho·∫∑c t·ªët nghi·ªáp chuy√™n ng√†nh CNTT ho·∫∑c nh·ªØng chuy√™n ng√†nh kh√°c c√≥ li√™n quan Fresher: c√≥ t·ªëi thi·ªÉu 06 th√°ng kinh nghi·ªám l√†m vi·ªác ·ªü v·ªã tr√≠ t∆∞∆°ng ƒë∆∞∆°ng N·∫Øm v·ªØng ki·∫øn th·ª©c c∆° b·∫£n v·ªÅ l·∫≠p tr√¨nh C√≥ th·ªÉ l√†m vi·ªác fulltime Quy·ªÅn l·ª£i: Intern: H·ªó tr·ª£ 4-8M/th√°ng+ D·∫•u x√°c nh·∫≠n Fresher: upto 20M/th√°ng+ bonus d·ª± √°n Sau 2-3 th√°ng ƒë√†o t·∫°o s·∫Ω ƒë∆∞·ª£c c√¢n nh·∫Øc l√™n NV ch√≠nh th·ª©c M√¥i tr∆∞·ªùng l√†m vi·ªác tr·∫ª trung, nƒÉng ƒë·ªông, l·ªô tr√¨nh thƒÉng ti·∫øn r√µ r√†ng. ƒê∆∞·ª£c c√°c leader tr·ª±c ti·∫øp h∆∞·ªõng d·∫´n, c·∫ßm tay ch·ªâ vi·ªác ----- ·ª®ng tuy·ªÉn g·ª≠i CV v·ªÅ mail: Phuongnt2@vhv.vn ho·∫∑c inb ƒë·ªÉ nh·∫≠n JD tr·ª±c ti·∫øp",15-8-2022 21:52,,1,1,[H√Ä N·ªòI] VCMEDIA TUY·ªÇN D·ª§NG INTERN/ FRESHER C√ÅC V·ªä TR√ç,31,https://www.facebook.com/groups/174764463261090/posts/1279122156158643/?__cft__[0]=AZUvIIuW2cEJnSl3gLGTaORVRfls-HJBOGrUeg7Qnxe9q5hKdI0-9tnrHQInAukxdtlDqKh74HdpcHKCgtlc8PCcCEDE67GDk0uu2r0qgQAByGsrPaZueqEW3cNlPC860z7euudmaKmZd-4SSnZo_IFL&__tn__=%2CO%2CP-R,Nguy·ªÖn Ph∆∞∆°ng,1957
43,"[H√Ä N·ªòI] : TUY·ªÇN D·ª§NG NHI·ªÄU V·ªä TR√ç Intern / Fresher: 1.REACTJS 2.LTV Python  3.PHP /Laravel  4.NodeJS 5. React Native  6. LTV Java Script 7. LTV Mobile 8. Tester (Ti·∫øng Nh·∫≠t)  Intern c√≥ tr·ª£ c·∫•p  h√†ng th√°ng, c√≥ c∆° h·ªôi l√†m Fulltime ch√≠nh th·ª©c. Quan t√¢m ib m g·ª≠i jd t·ª´ng v·ªã tr√≠ nh√©.",27-7-2022 10:28,,1,1,[H√Ä N·ªòI] : TUY·ªÇN D·ª§NG NHI·ªÄU V·ªä TR√ç Intern / Fresher:,128,https://www.facebook.com/groups/174764463261090/posts/1266446820759510/?__cft__[0]=AZXMQoHs8BzZjuSuqxvSpRVIydSTC2WTBCvU1mAyWtfdMUuBpplzfQEEoeYfu4xaBpcXG_YYmw8GvVxUkcWYW7B5OnLlqTEwlo-Fyw_crgjs2fWa9puUNPgtdhvRMBfRdYStO3Xbtb2FICQjueLJu51F&__tn__=%2CO%2CP-R,D∆∞∆°ng Tr,1989
44,"[H√Ä N·ªòI] : TUY·ªÇN D·ª§NG NHI·ªÄU V·ªä TR√ç Intern / Fresher: 1.REACTJS 2.LTV Python  3.PHP /Laravel  4.NodeJS 5. React Native  6. LTV Java Script 7. LTV Mobile 8. Tester (Ti·∫øng Nh·∫≠t)  Intern c√≥ tr·ª£ c·∫•p  h√†ng th√°ng, c√≥ c∆° h·ªôi l√†m Fulltime ch√≠nh th·ª©c. Quan t√¢m ib m g·ª≠i jd t·ª´ng v·ªã tr√≠ nh√©.",27-7-2022 10:28,,1,1,[H√Ä N·ªòI] : TUY·ªÇN D·ª§NG NHI·ªÄU V·ªä TR√ç Intern / Fresher:,128,https://www.facebook.com/groups/174764463261090/posts/1266446820759510/?__cft__[0]=AZXMQoHs8BzZjuSuqxvSpRVIydSTC2WTBCvU1mAyWtfdMUuBpplzfQEEoeYfu4xaBpcXG_YYmw8GvVxUkcWYW7B5OnLlqTEwlo-Fyw_crgjs2fWa9puUNPgtdhvRMBfRdYStO3Xbtb2FICQjueLJu51F&__tn__=%2CO%2CP-R,D∆∞∆°ng Tr,2115
45,"Tuy·ªÉn d·ª•ng Fresher/Intern t·∫°i c·∫£ HN v√† HCM c√°c m·∫£ng  GoLang/ Nodejs/ Reactjs /BE PHP/Java/ PHP/ React Native Quy·ªÅn l·ª£i: - ƒê∆∞·ª£c ƒë√†o t·∫°o l√Ω thuy·∫øt v√† on job training 1 - 3 th√°ng, tr·ª£ c·∫•p up to 6 tri·ªáu/th√°ng - ƒê∆∞·ª£c l√†m vi·ªác trong m√¥i tr∆∞·ªùng chuy√™n nghi·ªáp, tr·∫ª trung v√† nƒÉng ƒë·ªông - ƒê∆∞·ª£c tham gia v√†o c√°c d·ª± √°n l·ªõn v·ªÅ th∆∞∆°ng m·∫°i ƒëi·ªán t·ª≠, kh√°ch h√†ng qu·ªëc t·∫ø. - C√≥ c∆° h·ªôi tr·ªü th√†nh nh√¢n vi√™n ch√≠nh th·ª©c sau qu√° tr√¨nh th·ª±c t·∫≠p Y√™u c·∫ßu: - Sinh vi√™n nƒÉm 3, 4 ho·∫∑c ƒë√£ t·ªët nghi·ªáp ng√†nh CNTT ho·∫∑c c√°c ng√†nh li√™n quan, x·∫øp lo·∫°i kh√°, gi·ªèi. - C√≥ th·ªÉ tham d·ª± ƒë√†o t·∫°o full-time - Ti·∫øng Anh t·ªët ho·∫∑c c√≥ k·∫øt qu·∫£ h·ªçc t·∫≠p t·ªët/ th√†nh t√≠ch t·ªët s·∫Ω c√≥ l·ª£i th·∫ø ƒë·∫∑c bi·ªát. C√°c b·∫°n quan t√¢m ib m√¨nh g·ª≠i JD nh√©.",,,2,1,Tuy·ªÉn d·ª•ng Fresher/Intern t·∫°i c·∫£ HN v√† HCM c√°c m·∫£ng ,84,https://www.facebook.com/groups/174764463261090/posts/1267214424016083/?__cft__[0]=AZVjYFI0Ci8HKvWhI9SJV0avHFtgjDtRGR3rDdXjmBKWOrZibf54PnrrUF-TAiy1lNyhsDAbovYjVhkKkYPCp3YyWvssHtXNP93GcdEyAtKCUy1v5P7xjm44yovEQUyNakJqprMCzk4TDvjma8EbYdoM&__tn__=%2CO%2CP-R,Eiramy Hoang,2241
46,"LitCommerce c·∫ßn tuy·ªÉn 5 Fresher Python Developer fulltime - KH√îNG YC KINH NGHI·ªÜM - ƒê√ÄO T·∫†O T·ª™ ƒê·∫¶U ƒê∆∞·ª£c ƒë√†o t·∫°o b√†i b·∫£n t·ª´ A-Z C√≥ h·ªó tr·ª£ 8.000.000-12.000.000ƒë/ th√°ng Ch·∫•p nh·∫≠n sinh vi√™n m·ªõi ra tr∆∞·ªùng, ch·ªù b·∫±ng, tr√°i ng√†nh Y√™u c·∫ßu: ti·∫øng Anh c∆° b·∫£n, ƒë√£ t·ª´ng t√¨m hi·ªÉu v·ªÅ Python, c√≥ ƒë·ªãnh h∆∞·ªõng l·∫≠p tr√¨nh Web, app ƒê·ªãa ch·ªâ l√†m vi·ªác: T√≤a Lilama 10 - T·ªë H·ªØu - NTL - HN G·ª≠i CV: hr@litcommerce.com",,,1,1,LitCommerce c·∫ßn tuy·ªÉn 5 Fresher Python Developer fulltime - KH√îNG YC KINH NGHI·ªÜM - ƒê√ÄO T·∫†O T·ª™ ƒê·∫¶U,11,https://www.facebook.com/groups/174764463261090/posts/1307626839974841/?__cft__[0]=AZW3_fswj3ncjjBY2ZebRAkBuvvl5rK-4FYrg7pK5xtItYK2WLbO1idpB2Q2yV2x4H7IGYCyht_1VmeGzLDa2banjiAc85ne1NXOmgveyIMBAmVGi-hzBuLZiHtKKdOevWE35QUwsIkaH7Je6sa29vGD&__tn__=%2CO%2CP-R,Di·ªáp Nguy·ªÖn,2325
47,"[ L√ÄM VI·ªÜC ONLINE ] Hi·ªán nay FSoft ƒëang tuy·ªÉn d·ª•ng Fresher c√≥ th·ªÉ tham gia ƒë√†o t·∫°o fulltime t·ª´ th·ª© 2 ƒë·∫øn 6  Y√äU C·∫¶U NHO NH·ªé: - L√† sinh vi√™n v·ª´a t·ªët nghi·ªáp, s·∫Øp t·ªët nghi·ªáp kh·ªëi ng√†nh CNTT, ƒêTVT c√≥ mong mu·ªën l√†m vi·ªác t·∫°i FSOFT sau khi t·ªët nghi·ªáp. - N·∫Øm v·ªØng ki·∫øn th·ª©c c∆° b·∫£n v·ªÅ m·ªôt trong c√°c c√¥ng ngh·ªá / ng√¥n ng·ªØ l·∫≠p tr√¨nh: Java, C#/.NET, C/C++, Embedded, Front-end, Angular, ReactJS, NodeJS, Mobile, Automation/Manual Test‚Ä¶ C√ÅC CH∆Ø∆†NG TR√åNH ƒê√ÄO T·∫†O FRESHER:  Fresher Java: https://bit.ly/31Y02yJ   Fresher Android Talent: https://bit.ly/2R8nVS2   Fresher MS Power Platform: https://bit.ly/3mweauH   Fresher iOS: https://bit.ly/3lsOEpI  Fresher C#/.NET: https://bit.ly/3xnjMsV  Fresher NodeJS: https://bit.ly/3ylnBQQ   Fresher Frontend (Angular) :https://bit.ly/3s1T3zv   Fresher Frontend (ReactJS): https://bit.ly/3mqsiUg   Fresher Tester: https://bit.ly/3ux6kBH   Fresher Automation Test: https://bit.ly/3mZbR1e   Fresher Application Security: https://bit.ly/3itN7hg  Fresher Data Engineer: https://bit.ly/3ikFPw7   Junior Java: https://bit.ly/3A7dNKw   Junior .NET Developer: https://bit.ly/3rQ4GuQ   Fresher Embedded: https://bit.ly/3jdAUNP QUY·ªÄN L·ª¢I: - ƒê∆∞·ª£c nh·∫≠n h·ªçc b·ªïng ƒë√†o t·∫°o l√™n ƒë·∫øn 250% h·ªçc ph√≠ (t∆∞∆°ng ƒë∆∞∆°ng tr·ª£ c·∫•p ƒë√†o t·∫°o to√†n kh√≥a h·ªçc l√™n ƒë·∫øn 20.000.000VND/kh√≥a) t√πy theo m·ª©c ƒë·ªô ƒë√≥ng g√≥p v√† k·∫øt qu·∫£ ƒë√†o t·∫°o. - ƒê∆∞·ª£c ƒë√†o t·∫°o th√™m c√°c ki·∫øn th·ª©c v·ªÅ c√°c c√¥ng ngh·ªá m·ªõi nh∆∞: Cloud (AWS/ Azure‚Ä¶), DevOps; Frontend (Angular/ ReactJS‚Ä¶); - Tham gia l√†m vi·ªác t·∫°i c√°c d·ª± √°n v·ªõi m·ª©c thu nh·∫≠p h·∫•p d·∫´n t∆∞∆°ng x·ª©ng v·ªõi k·ªπ nƒÉng v√† kinh nghi·ªám c·ªßa b·∫°n, trung b√¨nh t·ª´ 8.000.000 VNƒê - 15.000.000 VNƒê/th√°ng.  G·ª≠i CV v√†o inbox c·ªßa m√¨nh ho·∫∑c  email: hp190702@gmail.com Anh em n√†o quan t√¢m cmt ƒë·ªÉ m√¨nh ib nha! #FPTSoftware #tuyendungfresher",11-9-2021 19:10,,6,1,[ L√ÄM VI·ªÜC ONLINE ],59,https://www.facebook.com/groups/174764463261090/posts/1054888098582051/?__cft__[0]=AZXLOJDXSZFsFqAEOpJ0g3nS2En7xJh_2BE-KOh743kKv8qEvlUBA81kTFFlCrE9WGjEONeXfPLhuVNJ6RnP9XUNF_aiGr7c0mk40SArTBEdQkC0WtnsCMsB9J6bdn5ZBNu9OpEIUu5yxBH_szdJlrvJ&__tn__=%2CO%2CP-R,Hi·∫øu Phan,2337
48,"LitCommerce c·∫ßn tuy·ªÉn 5 Fresher Python Developer fulltime - KH√îNG YC KINH NGHI·ªÜM - ƒê√ÄO T·∫†O T·ª™ ƒê·∫¶U ƒê∆∞·ª£c ƒë√†o t·∫°o b√†i b·∫£n t·ª´ A-Z C√≥ h·ªó tr·ª£ 8.000.000-12.000.000ƒë/ th√°ng Ch·∫•p nh·∫≠n sinh vi√™n m·ªõi ra tr∆∞·ªùng, ch·ªù b·∫±ng, tr√°i ng√†nh Y√™u c·∫ßu: ti·∫øng Anh c∆° b·∫£n, ƒë√£ t·ª´ng t√¨m hi·ªÉu v·ªÅ Python, c√≥ ƒë·ªãnh h∆∞·ªõng l·∫≠p tr√¨nh Web, app ƒê·ªãa ch·ªâ l√†m vi·ªác: T√≤a Lilama 10 - T·ªë H·ªØu - NTL - HN G·ª≠i CV: hr@litcommerce.com",26-9-2022 15:02,,1,1,LitCommerce c·∫ßn tuy·ªÉn 5 Fresher Python Developer fulltime - KH√îNG YC KINH NGHI·ªÜM - ƒê√ÄO T·∫†O T·ª™ ƒê·∫¶U,11,https://www.facebook.com/groups/174764463261090/posts/1307626839974841/?__cft__[0]=AZW3_fswj3ncjjBY2ZebRAkBuvvl5rK-4FYrg7pK5xtItYK2WLbO1idpB2Q2yV2x4H7IGYCyht_1VmeGzLDa2banjiAc85ne1NXOmgveyIMBAmVGi-hzBuLZiHtKKdOevWE35QUwsIkaH7Je6sa29vGD&__tn__=%2CO%2CP-R,Di·ªáp Nguy·ªÖn,2361
49,"SmartOSC tuy·ªÉn d·ª•ng Golang/Python/PHP Fresher/Intern (tr·ª£ c·∫•p l√™n ƒë·∫øn 10 tri·ªáu) Quy·ªÅn l·ª£i: - ƒê∆∞·ª£c ƒë√†o t·∫°o l√Ω thuy·∫øt v√† on job training 1 - 3 th√°ng, tr·ª£ c·∫•p up to 10 tri·ªáu/th√°ng - ƒê∆∞·ª£c l√†m vi·ªác trong m√¥i tr∆∞·ªùng chuy√™n nghi·ªáp, tr·∫ª trung v√† nƒÉng ƒë·ªông - ƒê∆∞·ª£c tham gia v√†o c√°c d·ª± √°n l·ªõn v·ªÅ th∆∞∆°ng m·∫°i ƒëi·ªán t·ª≠, kh√°ch h√†ng qu·ªëc t·∫ø. - C√≥ c∆° h·ªôi tr·ªü th√†nh nh√¢n vi√™n ch√≠nh th·ª©c sau qu√° tr√¨nh th·ª±c t·∫≠p - C√≥ c∆° h·ªôi ƒëi onsite t·∫°i Ch√¢u √Çu, √öc, Singapore, Nh·∫≠t B·∫£n khi tr·ªü th√†nh nh√¢n vi√™n Y√™u c·∫ßu: - Sinh vi√™n cu·ªëi ho·∫∑c ƒë√£ t·ªët nghi·ªáp ng√†nh CNTT ho·∫∑c c√°c ng√†nh li√™n quan - C√≥ th·ªÉ tham d·ª± ƒë√†o t·∫°o full-time - Ti·∫øng Anh t·ªët ho·∫∑c c√≥ k·∫øt qu·∫£ h·ªçc t·∫≠p t·ªët/ th√†nh t√≠ch t·ªët s·∫Ω c√≥ l·ª£i th·∫ø ƒë·∫∑c bi·ªát ƒê·ªãa ƒëi·ªÉm l√†m vi·ªác: H√† N·ªôi ho·∫∑c TP H·ªì Ch√≠ Minh C√°c b·∫°n quan t√¢m vui l√≤ng inbox m√¨nh.",,,6,1,SmartOSC tuy·ªÉn d·ª•ng Golang/Python/PHP Fresher/Intern (tr·ª£ c·∫•p l√™n ƒë·∫øn 10 tri·ªáu),36,https://www.facebook.com/groups/174764463261090/posts/1263008547770004/?__cft__[0]=AZUHwMIDccZaN_n1LEmsBM9jT-K1UdPXDB-ZUTYtTJ8RqmjNCNw75DAsnuYBiwRbqdhzxBa4OWbPLIHdYX8sBI3D-i36BlFlxarBqBf8noRacEv8RIRDf2Et94HZ4yool9Uv8OuTIHeCI7TBTcNEPBYV&__tn__=%2CO%2CP-R,Ng·ªçc Hi·ªÅn,2373
50,"[H√† N·ªôi] TERACOM GLOBAL TUY·ªÇN D·ª§NG Intern/Fresher Java Intern/Fresher BA Fresher FE Intern Tester Y√™u c·∫ßu: V·ª´a t·ªët nghi·ªáp ho·∫∑c ƒëang ch·ªù b·∫±ng T·ªët nghi·ªáp c·ªßa c√°c ng√†nh, Tr∆∞·ªùng thu·ªôc lƒ©nh v·ª±c CNTT. Salary: Upto 10M Quy·ªÅn l·ª£i: ƒê∆∞·ª£c ƒë√†o t·∫°o b√†i b·∫£n theo l·ªô tr√¨nh chu·∫©n t·ª´ c√°c a Leader Tr·∫£i nghi·ªám m√¥i tr∆∞·ªùng l√†m vi·ªác th·ª±c s·ª±, join d·ª± √°n th·ª±c chi·∫øn Review l√™n l∆∞∆°ng ngay sau khi k·∫øt th√∫c th·ª≠ vi·ªác ƒê·ªãa ƒëi·ªÉm l√†m vi·ªác: 252 Ho√†ng Qu·ªëc Vi·ªát, H√† N·ªôi Contact v·ªõi m√¨nh qua: Ping tr·ª±c ti·∫øp qua FB Whatsapp/Zalo: 0948186099 Gmail: ngocltb@hitexglobal.com",27-4-2022 13:05,,2,1,[H√† N·ªôi] TERACOM GLOBAL TUY·ªÇN D·ª§NG,34,https://www.facebook.com/groups/174764463261090/posts/1204223380315188/?__cft__[0]=AZVJBHiwNxIsjiconKx-Rq4Cw9jxLBEbIXAs2fmyPovcC-RpEoi_dfW2LkIufrZEMxzPb60xZTEqADqQPN0OguPM7LB-yNrh-u9LAmUlhy2xbqSI5WoLJEnnBcpiWaCKDS0TXQIAwpcgnY76Gc2z6xOq&__tn__=%2CO%2CP-R,Brena Le,2407
51,"[H√† N·ªôi] TERACOM GLOBAL TUY·ªÇN D·ª§NG Intern/Fresher Java Intern/Fresher BA Fresher FE Intern Tester Y√™u c·∫ßu: V·ª´a t·ªët nghi·ªáp ho·∫∑c ƒëang ch·ªù b·∫±ng T·ªët nghi·ªáp c·ªßa c√°c ng√†nh, Tr∆∞·ªùng thu·ªôc lƒ©nh v·ª±c CNTT. Salary: Upto 10M Quy·ªÅn l·ª£i: ƒê∆∞·ª£c ƒë√†o t·∫°o b√†i b·∫£n theo l·ªô tr√¨nh chu·∫©n t·ª´ c√°c a Leader Tr·∫£i nghi·ªám m√¥i tr∆∞·ªùng l√†m vi·ªác th·ª±c s·ª±, join d·ª± √°n th·ª±c chi·∫øn Review l√™n l∆∞∆°ng ngay sau khi k·∫øt th√∫c th·ª≠ vi·ªác ƒê·ªãa ƒëi·ªÉm l√†m vi·ªác: 252 Ho√†ng Qu·ªëc Vi·ªát, H√† N·ªôi Contact v·ªõi m√¨nh qua: Ping tr·ª±c ti·∫øp qua FB Whatsapp/Zalo: 0948186099 Gmail: ngocltb@hitexglobal.com",27-4-2022 13:05,,2,1,[H√† N·ªôi] TERACOM GLOBAL TUY·ªÇN D·ª§NG,34,https://www.facebook.com/groups/174764463261090/posts/1204223380315188/?__cft__[0]=AZVJBHiwNxIsjiconKx-Rq4Cw9jxLBEbIXAs2fmyPovcC-RpEoi_dfW2LkIufrZEMxzPb60xZTEqADqQPN0OguPM7LB-yNrh-u9LAmUlhy2xbqSI5WoLJEnnBcpiWaCKDS0TXQIAwpcgnY76Gc2z6xOq&__tn__=%2CO%2CP-R,Brena Le,2439
52," CMC GLOBAL -  FRESHER JAVA  M√¥ t·∫£ - ƒê∆∞·ª£c ƒë√†o t·∫°o v·ªÅ c√¥ng vi·ªác - ƒê∆∞·ª£c tr·∫£i nghi·ªám th·ª±c t·∫ø trong d·ª± √°n - Sau khi ƒë√†o t·∫°o, c√≥ th·ªÉ vi·∫øt m√£ thi·∫øt k·∫ø t·ªët, c√≥ th·ªÉ ki·ªÉm tra, hi·ªáu qu·∫£  Quy·ªÅn l·ª£i - G√≥i: 14 th√°ng l∆∞∆°ng + Th∆∞·ªüng d·ª± √°n (N·∫øu c√≥) + G√≥i ph·ª•: 16tr / nƒÉm - M√¥i tr∆∞·ªùng l√†m vi·ªác tr·∫ª trung, nƒÉng ƒë·ªông. - C∆° h·ªôi ti·∫øp c·∫≠n c√°c xu h∆∞·ªõng c√¥ng ngh·ªá m·ªõi nh·∫•t - ƒê∆∞·ª£c l√†m v·ªõi domain ƒëa d·∫°ng v√† th·ªã tr∆∞·ªùng ITO (kh√°ch h√†ng H√†n Qu·ªëc/EU-UK-US/Nh·∫≠t B·∫£n/Ch√¢u M·ªπ/Australia)  Y√™u c·∫ßu - C√≥ ki·∫øn th·ª©c c∆° b·∫£n v·ªÅ Java core - Hi·ªÉu v·ªÅ OOP",,,0,1, CMC GLOBAL -  FRESHER JAVA,46,https://www.facebook.com/groups/174764463261090/posts/1264244480979744/?__cft__[0]=AZW2GlX77gkD8fWfCoNeWW_NbYYTE-8IFk9BVhOE3k7-gCyTFolTI8noJDDWa-lD-MEkwi6XY5r81VqFHLFUfGW8EoZ9O1ywjmiGqDFbj0V8ZN8QAur-CX3OweakFb1cQEfjlIwYy1JaQe57JT-qJ0pF&__tn__=%2CO%2CP-R,Ng Manh,2471
53,"Viettel High Tech - HN | Recruiting Android/iOS intern/fresher Requirements: Currently a student in 3rd year, 4th year of Hanoi University of Technology, University of Technology, Institute of Telecommunications Technology, etc.  CPA from 2.8 and above  Have basic knowledge of OOP, swift,...  Have good qualities, knowledge, desire to learn   ¬∑ Xem b·∫£n g·ªëc",8-8-2022 11:53,,3,1,Viettel High Tech - HN | Recruiting Android/iOS intern/fresher,22,https://www.facebook.com/groups/174764463261090/posts/1274432243294301/?__cft__[0]=AZWKRBr1XSa0xBRDCq3PKb-ODYr4yPNJRox4qgGw9vqEz2DxGdIfC_Zf8dIAYrCId50TgbcRjpzTAxc5Ki0gN2uig6wtSN3HDJ_Ea-cBaN0JKmi0ZqiZ4o_l3QHbIDCftzF3qLajgjKMp-M_UiU6NA0V&__tn__=%2CO%2CP-R,Thu H∆∞·ªùng,2514
54,"[HN] DD SOLUTION TUY·ªÇN INTERN (PARTTIME & FULLTIME), FRESHER C√ÅC V·ªä TR√ç SAU: Java Backend Developer NodeJS Backend Developer ReactJS Developer React Native Developer Mobile Flutter Developer Mobile KoitIn Developer Mobile Swift Ch·∫ø ƒë·ªô Intern Part-time: H·ªó tr·ª£ 3-5M Intern Fulltime: H·ªó tr·ª£ 6-8M Fresher: 8-10M L√†m vi·ªác T2 - T6 Li√™n hoan, du l·ªãch, team bilding, sinh nh·∫≠t, ch·∫ø ƒë·ªô hi·∫øu, h·ª∑,.... Th√¥ng tin c√¥ng tin C√¥ng ty CP DD Solution Vi·ªát Nam ƒê·ªãa ch·ªâ: T·∫ßng 7 t√≤a nh√† Mac Plaza, s·ªë 10 Tr·∫ßn Ph√∫, M·ªô Lao, h√† ƒê√¥ng, HN Mail: recruiter@ddsolution.vn",20-7-2022 15:03,,2,1,"[HN] DD SOLUTION TUY·ªÇN INTERN (PARTTIME & FULLTIME), FRESHER C√ÅC V·ªä TR√ç SAU:",139,https://www.facebook.com/groups/174764463261090/posts/1262206341183558/?__cft__[0]=AZVnEDhZj7MsL8KZY47_Tumwy23FXbJ9Pdlv0dj-3OJPnsAvPD3GnXU2QAyh2GxH8zsJiCDvMIQPplb0eY64LvHcSHcxwTFHb8vUU71enEgmg-ZV94VLl0TgJIxknLFwA9o0pdGB5LgtgqrV5Jt-_I1D&__tn__=%2CO%2CP-R,Nh∆∞ Qu·ª≥nh,2534
55,"[ L√ÄM VI·ªÜC ONLINE ] Hi·ªán nay FSoft ƒëang tuy·ªÉn d·ª•ng Fresher c√≥ th·ªÉ tham gia ƒë√†o t·∫°o fulltime t·ª´ th·ª© 2 ƒë·∫øn 6  Y√äU C·∫¶U NHO NH·ªé: - L√† sinh vi√™n v·ª´a t·ªët nghi·ªáp, s·∫Øp t·ªët nghi·ªáp kh·ªëi ng√†nh CNTT, ƒêTVT c√≥ mong mu·ªën l√†m vi·ªác t·∫°i FSOFT sau khi t·ªët nghi·ªáp. - N·∫Øm v·ªØng ki·∫øn th·ª©c c∆° b·∫£n v·ªÅ m·ªôt trong c√°c c√¥ng ngh·ªá / ng√¥n ng·ªØ l·∫≠p tr√¨nh: Java, C#/.NET, C/C++, Embedded, Front-end, Angular, ReactJS, NodeJS, Mobile, Automation/Manual Test‚Ä¶ C√ÅC CH∆Ø∆†NG TR√åNH ƒê√ÄO T·∫†O FRESHER:  Fresher Java: https://bit.ly/31Y02yJ   Fresher Android Talent: https://bit.ly/2R8nVS2   Fresher MS Power Platform: https://bit.ly/3mweauH   Fresher iOS: https://bit.ly/3lsOEpI  Fresher C#/.NET: https://bit.ly/3xnjMsV  Fresher NodeJS: https://bit.ly/3ylnBQQ   Fresher Frontend (Angular) :https://bit.ly/3s1T3zv   Fresher Frontend (ReactJS): https://bit.ly/3mqsiUg   Fresher Tester: https://bit.ly/3ux6kBH   Fresher Automation Test: https://bit.ly/3mZbR1e   Fresher Application Security: https://bit.ly/3itN7hg  Fresher Data Engineer: https://bit.ly/3ikFPw7   Junior Java: https://bit.ly/3A7dNKw   Junior .NET Developer: https://bit.ly/3rQ4GuQ   Fresher Embedded: https://bit.ly/3jdAUNP QUY·ªÄN L·ª¢I: - ƒê∆∞·ª£c nh·∫≠n h·ªçc b·ªïng ƒë√†o t·∫°o l√™n ƒë·∫øn 250% h·ªçc ph√≠ (t∆∞∆°ng ƒë∆∞∆°ng tr·ª£ c·∫•p ƒë√†o t·∫°o to√†n kh√≥a h·ªçc l√™n ƒë·∫øn 20.000.000VND/kh√≥a) t√πy theo m·ª©c ƒë·ªô ƒë√≥ng g√≥p v√† k·∫øt qu·∫£ ƒë√†o t·∫°o. - ƒê∆∞·ª£c ƒë√†o t·∫°o th√™m c√°c ki·∫øn th·ª©c v·ªÅ c√°c c√¥ng ngh·ªá m·ªõi nh∆∞: Cloud (AWS/ Azure‚Ä¶), DevOps; Frontend (Angular/ ReactJS‚Ä¶); - Tham gia l√†m vi·ªác t·∫°i c√°c d·ª± √°n v·ªõi m·ª©c thu nh·∫≠p h·∫•p d·∫´n t∆∞∆°ng x·ª©ng v·ªõi k·ªπ nƒÉng v√† kinh nghi·ªám c·ªßa b·∫°n, trung b√¨nh t·ª´ 8.000.000 VNƒê - 15.000.000 VNƒê/th√°ng.  G·ª≠i CV v√†o inbox c·ªßa m√¨nh ho·∫∑c  email: hp190702@gmail.com Anh em n√†o quan t√¢m cmt ƒë·ªÉ m√¨nh ib nha! #FPTSoftware #tuyendungfresher",11-9-2021 19:10,,6,1,[ L√ÄM VI·ªÜC ONLINE ],59,https://www.facebook.com/groups/174764463261090/posts/1054888098582051/?__cft__[0]=AZXLOJDXSZFsFqAEOpJ0g3nS2En7xJh_2BE-KOh743kKv8qEvlUBA81kTFFlCrE9WGjEONeXfPLhuVNJ6RnP9XUNF_aiGr7c0mk40SArTBEdQkC0WtnsCMsB9J6bdn5ZBNu9OpEIUu5yxBH_szdJlrvJ&__tn__=%2CO%2CP-R,Hi·∫øu Phan,2664
56,"  CMC Global t√¨m 10 b·∫°n Fresher Java, Frontend tr√°i ng√†nh, sv nƒÉm 4 ra tr∆∞·ªùng, n·∫Øm ch·∫Øc ki·∫øn th·ª©c c∆° b·∫£n + bi·∫øt fw l√† l·ª£i th·∫ø, k c·∫ßn th·ª±c t·∫≠p k√≠ fresher lu√¥n, l√†m t·∫°i HN. L∆∞∆°ng 8-15m, CV g·ª≠i mail: tvmanh1@cmcglobal.vn",22-7-2022 00:37,,2,1,,60,https://www.facebook.com/groups/174764463261090/posts/1263174754420050/?__cft__[0]=AZUfBR7M08cC5EDqzbSkAkIqd-tSq0zdQRc8JrCZg2oU460HsNrELJcPJBUZ5Q9WAaLn9XRiqg1D9KDU3D07xIS92GngEqeQNI1O21ifU7XnMUfAZmcZt0ABHWnLqX8yYYtQtXHSg65M65ySWsHrMQ9w&__tn__=%2CO%2CP-R,Tr·∫ßn VƒÉn M·∫°nh,2688
